emp_id,course_id,course_name,completion_date,score
E1000,IT-001,Information Security Awareness,2024-03-10,95
E1000,FIN-001,Financial Compliance,2025-06-09,98
E1000,QA-001,Quality Management System,2025-10-21,70
E1000,MFG-002,5S Workplace Organization,2024-08-07,83
E1000,MFG-001,Lean Manufacturing Basics,2026-04-25,86
E1000,EHS-001,Safety Fundamentals,2025-01-17,20
E1001,IT-001,Information Security Awareness,2024-09-19,3
E1001,ENG-001,CAD Software Proficiency,2024-04-27,81
E1001,MFG-002,5S Workplace Organization,2024-04-02,84
E1003,MFG-001,Lean Manufacturing Basics,2025-06-27,84
E1003,HR-002,Code of Conduct,2026-04-21,15
E1004,HR-002,Code of Conduct,2025-10-15,22
E1004,MFG-001,Lean Manufacturing Basics,2025-10-18,81
E1005,HR-001,Anti-Harassment Training,2024-10-25,27
E1005,IT-001,Information Security Awareness,2024-11-08,86
E1005,EHS-002,Forklift Certification,2024-05-21,86
E1005,FIN-001,Financial Compliance,2026-01-28,99
E1005,EHS-001,Safety Fundamentals,2026-01-16,16
E1005,HR-002,Code of Conduct,2026-02-20,1
E1005,MFG-001,Lean Manufacturing Basics,2024-05-20,95
E1006,IT-001,Information Security Awareness,2025-04-15,38
E1006,MFG-002,5S Workplace Organization,2026-05-27,89
E1006,ENG-001,CAD Software Proficiency,2025-10-04,75
E1006,QA-001,Quality Management System,2026-06-27,88
E1006,HR-001,Anti-Harassment Training,2026-06-20,77
E1006,HR-002,Code of Conduct,2025-05-22,13
E1007,EHS-002,Forklift Certification,2024-03-17,75
E1007,MFG-001,Lean Manufacturing Basics,2024-10-13,91
E1007,IT-001,Information Security Awareness,2025-11-05,92
E1007,ENG-001,CAD Software Proficiency,2024-11-16,84
E1007,HR-001,Anti-Harassment Training,2025-07-13,49
E1007,MFG-002,5S Workplace Organization,2026-01-19,92
E1007,QA-001,Quality Management System,2026-02-11,79
E1007,HR-002,Code of Conduct,2026-05-21,100
E1007,FIN-001,Financial Compliance,2025-11-12,91
E1008,HR-001,Anti-Harassment Training,2024-12-09,92
E1008,ENG-001,CAD Software Proficiency,2026-02-22,85
E1008,FIN-001,Financial Compliance,2026-01-08,86
E1008,QA-001,Quality Management System,2024-12-28,84
E1008,EHS-001,Safety Fundamentals,2025-06-12,33
E1008,HR-002,Code of Conduct,2026-03-15,15
E1009,EHS-001,Safety Fundamentals,2025-01-28,19
E1009,EHS-002,Forklift Certification,2024-04-11,86
E1009,QA-001,Quality Management System,2026-04-05,85
E1009,ENG-001,CAD Software Proficiency,2026-02-25,77
E1009,IT-001,Information Security Awareness,2025-06-21,22
E1009,FIN-001,Financial Compliance,2025-11-02,75
E1009,HR-002,Code of Conduct,2025-05-07,97
E1009,HR-001,Anti-Harassment Training,2024-10-25,20
E1009,MFG-002,5S Workplace Organization,2025-02-05,89
E1010,MFG-002,5S Workplace Organization,2024-12-12,70
E1010,FIN-001,Financial Compliance,2025-09-07,75
E1010,ENG-001,CAD Software Proficiency,2026-01-21,98
E1010,HR-002,Code of Conduct,2024-04-23,44
E1010,QA-001,Quality Management System,2025-03-04,89
E1010,EHS-001,Safety Fundamentals,2026-05-10,21
E1010,IT-001,Information Security Awareness,2024-01-10,37
E1010,HR-001,Anti-Harassment Training,2025-12-17,76
E1011,MFG-001,Lean Manufacturing Basics,2024-04-24,74
E1011,MFG-002,5S Workplace Organization,2024-12-01,88
E1011,HR-001,Anti-Harassment Training,2026-02-04,46
E1011,QA-001,Quality Management System,2026-06-26,67
E1011,HR-002,Code of Conduct,2025-11-09,98
E1011,ENG-001,CAD Software Proficiency,2026-05-02,94
E1011,EHS-002,Forklift Certification,2024-11-04,61
E1011,EHS-001,Safety Fundamentals,2024-12-04,53
E1011,FIN-001,Financial Compliance,2025-07-04,92
E1011,IT-001,Information Security Awareness,2025-08-23,19
E1012,EHS-001,Safety Fundamentals,2026-05-09,79
E1012,IT-001,Information Security Awareness,2026-06-05,53
E1012,MFG-002,5S Workplace Organization,2024-09-24,89
E1012,MFG-001,Lean Manufacturing Basics,2024-05-04,95
E1012,FIN-001,Financial Compliance,2024-08-07,94
E1013,IT-001,Information Security Awareness,2025-05-06,5
E1013,ENG-001,CAD Software Proficiency,2026-04-07,97
E1013,HR-002,Code of Conduct,2025-06-08,0
E1013,HR-001,Anti-Harassment Training,2024-11-03,14
E1013,MFG-001,Lean Manufacturing Basics,2026-06-16,74
E1014,ENG-001,CAD Software Proficiency,2025-11-08,89
E1014,EHS-002,Forklift Certification,2025-05-15,63
E1014,FIN-001,Financial Compliance,2024-03-28,76
E1015,MFG-001,Lean Manufacturing Basics,2024-01-28,74
E1015,FIN-001,Financial Compliance,2026-06-06,85
E1015,MFG-002,5S Workplace Organization,2025-08-20,78
E1015,ENG-001,CAD Software Proficiency,2026-01-12,85
E1015,EHS-001,Safety Fundamentals,2024-02-13,51
E1015,QA-001,Quality Management System,2025-05-27,89
E1017,MFG-002,5S Workplace Organization,2026-04-26,88
E1017,HR-001,Anti-Harassment Training,2026-04-06,78
E1017,EHS-002,Forklift Certification,2025-06-20,61
E1017,QA-001,Quality Management System,2026-06-05,95
E1017,MFG-001,Lean Manufacturing Basics,2025-02-14,84
E1017,EHS-001,Safety Fundamentals,2024-02-09,83
E1017,FIN-001,Financial Compliance,2025-01-23,96
E1017,IT-001,Information Security Awareness,2026-06-19,92
E1017,HR-002,Code of Conduct,2026-02-22,43
E1018,ENG-001,CAD Software Proficiency,2026-05-02,75
E1018,EHS-002,Forklift Certification,2026-02-17,90
E1018,MFG-002,5S Workplace Organization,2025-03-03,94
E1018,MFG-001,Lean Manufacturing Basics,2025-06-08,80
E1018,QA-001,Quality Management System,2025-01-17,79
E1018,FIN-001,Financial Compliance,2026-06-13,87
E1018,HR-002,Code of Conduct,2024-02-15,56
E1018,IT-001,Information Security Awareness,2026-04-03,63
E1018,HR-001,Anti-Harassment Training,2025-06-04,63
E1018,EHS-001,Safety Fundamentals,2026-06-01,13
E1019,MFG-002,5S Workplace Organization,2026-02-21,91
E1019,EHS-001,Safety Fundamentals,2025-06-12,6
E1019,ENG-001,CAD Software Proficiency,2024-08-11,92
E1019,FIN-001,Financial Compliance,2026-05-16,97
E1019,QA-001,Quality Management System,2026-03-23,93
E1019,IT-001,Information Security Awareness,2024-02-25,84
E1019,HR-001,Anti-Harassment Training,2024-01-11,45
E1019,HR-002,Code of Conduct,2026-03-18,66
E1020,EHS-002,Forklift Certification,2025-10-07,72
E1020,EHS-001,Safety Fundamentals,2024-07-07,58
E1020,HR-001,Anti-Harassment Training,2024-12-11,13
E1020,HR-002,Code of Conduct,2025-01-21,86
E1020,FIN-001,Financial Compliance,2026-01-25,89
E1020,MFG-002,5S Workplace Organization,2025-11-19,86
E1020,ENG-001,CAD Software Proficiency,2024-08-01,91
E1021,ENG-001,CAD Software Proficiency,2026-04-17,99
E1021,MFG-002,5S Workplace Organization,2024-12-19,75
E1022,EHS-002,Forklift Certification,2025-07-20,75
E1022,MFG-002,5S Workplace Organization,2025-07-11,79
E1022,MFG-001,Lean Manufacturing Basics,2025-03-05,83
E1022,IT-001,Information Security Awareness,2026-06-24,65
E1023,ENG-001,CAD Software Proficiency,2026-03-22,86
E1023,MFG-001,Lean Manufacturing Basics,2026-02-23,90
E1023,HR-002,Code of Conduct,2024-09-18,88
E1023,EHS-002,Forklift Certification,2026-03-23,67
E1023,MFG-002,5S Workplace Organization,2025-09-16,88
E1023,IT-001,Information Security Awareness,2026-06-23,53
E1024,IT-001,Information Security Awareness,2024-05-25,100
E1024,MFG-002,5S Workplace Organization,2024-05-22,78
E1024,EHS-001,Safety Fundamentals,2024-01-23,100
E1024,FIN-001,Financial Compliance,2025-04-25,92
E1024,QA-001,Quality Management System,2024-06-27,93
E1024,MFG-001,Lean Manufacturing Basics,2024-10-28,91
E1024,HR-002,Code of Conduct,2026-05-28,28
E1024,ENG-001,CAD Software Proficiency,2026-06-18,87
E1024,HR-001,Anti-Harassment Training,2024-09-26,89
E1024,EHS-002,Forklift Certification,2025-12-22,63
E1025,MFG-002,5S Workplace Organization,2026-04-27,77
E1025,FIN-001,Financial Compliance,2026-06-23,95
E1025,MFG-001,Lean Manufacturing Basics,2025-10-18,93
E1025,IT-001,Information Security Awareness,2026-02-25,92
E1025,EHS-001,Safety Fundamentals,2024-05-15,22
E1025,QA-001,Quality Management System,2026-01-06,76
E1025,HR-001,Anti-Harassment Training,2026-05-04,48
E1025,ENG-001,CAD Software Proficiency,2024-07-09,92
E1026,HR-001,Anti-Harassment Training,2026-02-02,19
E1026,FIN-001,Financial Compliance,2025-10-02,99
E1026,IT-001,Information Security Awareness,2026-05-27,84
E1026,EHS-001,Safety Fundamentals,2025-08-26,73
E1026,ENG-001,CAD Software Proficiency,2026-03-03,100
E1026,HR-002,Code of Conduct,2026-03-17,28
E1027,ENG-001,CAD Software Proficiency,2026-05-13,77
E1027,EHS-002,Forklift Certification,2025-04-07,81
E1027,HR-001,Anti-Harassment Training,2025-06-10,27
E1027,HR-002,Code of Conduct,2026-05-16,71
E1028,EHS-002,Forklift Certification,2025-04-21,99
E1028,MFG-001,Lean Manufacturing Basics,2026-02-02,91
E1029,MFG-002,5S Workplace Organization,2026-03-17,95
E1029,EHS-002,Forklift Certification,2026-04-16,62
E1029,FIN-001,Financial Compliance,2025-11-07,85
E1029,HR-001,Anti-Harassment Training,2026-01-04,21
E1029,IT-001,Information Security Awareness,2026-05-01,80
E1029,QA-001,Quality Management System,2024-04-22,78
E1029,EHS-001,Safety Fundamentals,2026-04-27,13
E1031,ENG-001,CAD Software Proficiency,2024-01-15,97
E1031,MFG-002,5S Workplace Organization,2025-01-03,72
E1031,EHS-002,Forklift Certification,2024-03-26,76
E1031,MFG-001,Lean Manufacturing Basics,2026-01-19,77
E1031,FIN-001,Financial Compliance,2025-07-13,89
E1032,MFG-002,5S Workplace Organization,2026-05-03,94
E1032,MFG-001,Lean Manufacturing Basics,2026-05-02,92
E1032,EHS-001,Safety Fundamentals,2024-06-17,13
E1032,HR-002,Code of Conduct,2025-11-10,77
E1032,ENG-001,CAD Software Proficiency,2024-05-25,89
E1032,QA-001,Quality Management System,2025-07-27,66
E1032,IT-001,Information Security Awareness,2025-03-18,28
E1032,HR-001,Anti-Harassment Training,2024-12-13,69
E1033,HR-001,Anti-Harassment Training,2024-02-02,0
E1033,IT-001,Information Security Awareness,2026-05-13,68
E1033,MFG-001,Lean Manufacturing Basics,2026-01-10,76
E1033,EHS-001,Safety Fundamentals,2026-06-24,44
E1033,ENG-001,CAD Software Proficiency,2024-07-21,91
E1033,QA-001,Quality Management System,2024-03-06,79
E1034,HR-002,Code of Conduct,2026-04-21,70
E1034,EHS-002,Forklift Certification,2024-05-22,64
E1034,HR-001,Anti-Harassment Training,2025-02-07,92
E1034,MFG-001,Lean Manufacturing Basics,2026-04-11,81
E1034,IT-001,Information Security Awareness,2024-11-21,30
E1034,EHS-001,Safety Fundamentals,2024-05-20,8
E1035,MFG-001,Lean Manufacturing Basics,2026-03-23,88
E1035,QA-001,Quality Management System,2024-10-19,88
E1035,ENG-001,CAD Software Proficiency,2025-07-06,75
E1035,HR-001,Anti-Harassment Training,2025-04-26,28
E1035,IT-001,Information Security Awareness,2026-06-21,55
E1036,MFG-001,Lean Manufacturing Basics,2025-05-16,87
E1036,HR-001,Anti-Harassment Training,2024-03-21,77
E1036,FIN-001,Financial Compliance,2024-05-28,79
E1036,HR-002,Code of Conduct,2026-02-09,93
E1036,MFG-002,5S Workplace Organization,2026-01-24,72
E1036,QA-001,Quality Management System,2024-09-21,66
E1037,FIN-001,Financial Compliance,2024-06-13,82
E1037,HR-002,Code of Conduct,2026-06-28,37
E1037,EHS-001,Safety Fundamentals,2024-08-17,65
E1037,IT-001,Information Security Awareness,2024-07-12,64
E1037,HR-001,Anti-Harassment Training,2024-11-08,78
E1037,MFG-002,5S Workplace Organization,2026-02-25,86
E1037,ENG-001,CAD Software Proficiency,2024-08-06,80
E1037,MFG-001,Lean Manufacturing Basics,2026-05-22,74
E1038,MFG-001,Lean Manufacturing Basics,2024-01-22,76
E1038,EHS-001,Safety Fundamentals,2026-03-13,60
E1038,HR-002,Code of Conduct,2025-01-02,83
E1038,MFG-002,5S Workplace Organization,2025-02-23,86
E1038,QA-001,Quality Management System,2026-03-27,81
E1038,EHS-002,Forklift Certification,2026-05-19,71
E1038,ENG-001,CAD Software Proficiency,2025-11-13,86
E1038,IT-001,Information Security Awareness,2026-06-27,9
E1038,HR-001,Anti-Harassment Training,2026-03-13,28
E1039,MFG-002,5S Workplace Organization,2024-04-03,86
E1039,MFG-001,Lean Manufacturing Basics,2026-03-07,74
E1039,ENG-001,CAD Software Proficiency,2024-03-12,94
E1039,HR-002,Code of Conduct,2026-01-22,29
E1039,FIN-001,Financial Compliance,2025-06-24,78
E1039,IT-001,Information Security Awareness,2025-11-16,61
E1039,EHS-001,Safety Fundamentals,2024-10-06,82
E1039,HR-001,Anti-Harassment Training,2025-01-08,5
E1039,QA-001,Quality Management System,2024-10-19,75
E1039,EHS-002,Forklift Certification,2024-11-17,62
E1040,EHS-001,Safety Fundamentals,2026-04-20,72
E1040,HR-001,Anti-Harassment Training,2026-01-24,93
E1040,IT-001,Information Security Awareness,2026-03-03,27
E1040,EHS-002,Forklift Certification,2025-10-16,90
E1041,HR-002,Code of Conduct,2026-02-20,84
E1041,MFG-002,5S Workplace Organization,2026-03-06,93
E1041,HR-001,Anti-Harassment Training,2026-03-15,76
E1041,ENG-001,CAD Software Proficiency,2026-01-08,87
E1042,HR-001,Anti-Harassment Training,2026-01-06,60
E1042,EHS-002,Forklift Certification,2026-05-02,94
E1042,EHS-001,Safety Fundamentals,2026-01-03,61
E1042,ENG-001,CAD Software Proficiency,2026-02-20,92
E1042,IT-001,Information Security Awareness,2024-11-21,55
E1042,MFG-001,Lean Manufacturing Basics,2026-04-12,71
E1042,HR-002,Code of Conduct,2026-05-14,29
E1042,QA-001,Quality Management System,2025-07-12,71
E1043,HR-001,Anti-Harassment Training,2026-04-09,24
E1043,IT-001,Information Security Awareness,2024-12-24,0
E1043,QA-001,Quality Management System,2026-05-04,98
E1043,MFG-002,5S Workplace Organization,2024-07-21,76
E1043,EHS-002,Forklift Certification,2026-03-14,83
E1043,EHS-001,Safety Fundamentals,2024-03-14,83
E1043,FIN-001,Financial Compliance,2026-03-09,92
E1043,HR-002,Code of Conduct,2025-10-12,78
E1044,MFG-002,5S Workplace Organization,2024-06-18,87
E1044,HR-002,Code of Conduct,2025-05-10,73
E1044,FIN-001,Financial Compliance,2025-12-13,98
E1044,IT-001,Information Security Awareness,2024-11-04,95
E1044,QA-001,Quality Management System,2024-08-26,75
E1044,ENG-001,CAD Software Proficiency,2024-04-17,87
E1045,ENG-001,CAD Software Proficiency,2024-08-20,88
E1045,EHS-001,Safety Fundamentals,2024-02-09,28
E1045,HR-001,Anti-Harassment Training,2025-02-20,4
E1045,HR-002,Code of Conduct,2026-04-13,78
E1045,MFG-001,Lean Manufacturing Basics,2026-05-10,92
E1045,FIN-001,Financial Compliance,2026-01-25,80
E1045,IT-001,Information Security Awareness,2026-04-15,1
E1046,ENG-001,CAD Software Proficiency,2026-05-23,82
E1046,IT-001,Information Security Awareness,2026-02-22,4
E1046,HR-002,Code of Conduct,2025-04-21,0
E1046,EHS-001,Safety Fundamentals,2024-02-09,99
E1046,FIN-001,Financial Compliance,2025-06-22,87
E1047,FIN-001,Financial Compliance,2025-12-27,92
E1047,HR-002,Code of Conduct,2026-03-12,35
E1047,EHS-001,Safety Fundamentals,2024-10-07,58
E1047,MFG-001,Lean Manufacturing Basics,2025-10-01,78
E1047,MFG-002,5S Workplace Organization,2024-07-17,73
E1047,QA-001,Quality Management System,2026-01-17,83
E1047,IT-001,Information Security Awareness,2025-02-26,65
E1047,HR-001,Anti-Harassment Training,2025-09-27,73
E1048,QA-001,Quality Management System,2025-11-15,66
E1048,MFG-002,5S Workplace Organization,2025-02-09,72
E1048,FIN-001,Financial Compliance,2025-11-26,82
E1048,ENG-001,CAD Software Proficiency,2026-06-08,100
E1048,EHS-002,Forklift Certification,2025-07-12,93
E1048,HR-001,Anti-Harassment Training,2026-01-23,33
E1049,IT-001,Information Security Awareness,2025-02-18,22
E1049,EHS-002,Forklift Certification,2025-06-12,73
E1049,MFG-002,5S Workplace Organization,2026-03-06,93
E1049,MFG-001,Lean Manufacturing Basics,2026-02-16,93
E1049,QA-001,Quality Management System,2024-04-24,80
E1050,HR-002,Code of Conduct,2025-03-25,13
E1050,FIN-001,Financial Compliance,2024-02-22,96
E1050,ENG-001,CAD Software Proficiency,2025-10-01,99
E1050,MFG-002,5S Workplace Organization,2026-01-28,85
E1050,EHS-002,Forklift Certification,2025-10-11,91
E1050,IT-001,Information Security Awareness,2026-03-16,23
E1051,IT-001,Information Security Awareness,2026-01-17,44
E1051,MFG-002,5S Workplace Organization,2025-11-25,75
E1051,HR-002,Code of Conduct,2025-02-23,66
E1051,ENG-001,CAD Software Proficiency,2025-06-23,75
E1051,FIN-001,Financial Compliance,2024-11-07,87
E1051,EHS-002,Forklift Certification,2026-01-11,83
E1051,EHS-001,Safety Fundamentals,2026-03-06,70
E1051,HR-001,Anti-Harassment Training,2025-04-09,60
E1051,MFG-001,Lean Manufacturing Basics,2026-03-12,75
E1051,QA-001,Quality Management System,2025-07-07,91
E1052,MFG-001,Lean Manufacturing Basics,2026-06-08,73
E1052,MFG-002,5S Workplace Organization,2026-03-26,77
E1052,IT-001,Information Security Awareness,2026-04-28,48
E1052,HR-002,Code of Conduct,2024-03-26,94
E1052,EHS-002,Forklift Certification,2024-08-26,60
E1052,QA-001,Quality Management System,2024-07-16,73
E1052,FIN-001,Financial Compliance,2026-05-18,98
E1053,QA-001,Quality Management System,2024-12-06,68
E1053,IT-001,Information Security Awareness,2024-05-16,80
E1053,ENG-001,CAD Software Proficiency,2024-08-24,85
E1053,FIN-001,Financial Compliance,2025-06-12,92
E1053,MFG-002,5S Workplace Organization,2026-03-12,70
E1053,EHS-001,Safety Fundamentals,2025-02-12,86
E1053,HR-002,Code of Conduct,2026-02-19,73
E1054,HR-001,Anti-Harassment Training,2025-10-10,59
E1054,IT-001,Information Security Awareness,2026-02-28,21
E1054,MFG-001,Lean Manufacturing Basics,2026-03-14,90
E1054,FIN-001,Financial Compliance,2026-05-13,77
E1054,QA-001,Quality Management System,2024-03-11,79
E1054,ENG-001,CAD Software Proficiency,2025-06-21,84
E1054,HR-002,Code of Conduct,2026-03-20,82
E1054,MFG-002,5S Workplace Organization,2025-05-15,94
E1054,EHS-002,Forklift Certification,2025-12-19,93
E1054,EHS-001,Safety Fundamentals,2025-07-06,23
E1055,HR-001,Anti-Harassment Training,2026-03-24,89
E1055,HR-002,Code of Conduct,2026-01-07,21
E1056,EHS-002,Forklift Certification,2026-01-04,76
E1056,FIN-001,Financial Compliance,2026-02-03,95
E1056,ENG-001,CAD Software Proficiency,2025-05-08,82
E1056,HR-002,Code of Conduct,2026-03-15,80
E1056,IT-001,Information Security Awareness,2024-03-17,21
E1056,EHS-001,Safety Fundamentals,2024-01-22,45
E1056,MFG-001,Lean Manufacturing Basics,2025-08-15,87
E1056,QA-001,Quality Management System,2025-09-15,73
E1057,HR-001,Anti-Harassment Training,2024-08-10,46
E1057,QA-001,Quality Management System,2025-05-05,84
E1057,MFG-002,5S Workplace Organization,2024-01-17,94
E1057,IT-001,Information Security Awareness,2024-06-10,60
E1057,MFG-001,Lean Manufacturing Basics,2026-01-23,85
E1057,ENG-001,CAD Software Proficiency,2025-05-01,99
E1057,FIN-001,Financial Compliance,2025-05-20,82
E1057,EHS-002,Forklift Certification,2024-09-12,72
E1057,HR-002,Code of Conduct,2025-09-14,50
E1057,EHS-001,Safety Fundamentals,2024-03-23,94
E1058,MFG-002,5S Workplace Organization,2026-06-18,95
E1058,HR-002,Code of Conduct,2025-07-07,8
E1058,IT-001,Information Security Awareness,2024-03-10,14
E1058,EHS-001,Safety Fundamentals,2026-04-20,57
E1058,ENG-001,CAD Software Proficiency,2025-12-20,90
E1058,EHS-002,Forklift Certification,2024-06-01,69
E1058,HR-001,Anti-Harassment Training,2024-09-01,23
E1058,QA-001,Quality Management System,2024-05-09,73
E1059,EHS-001,Safety Fundamentals,2025-08-12,59
E1059,HR-002,Code of Conduct,2026-01-11,10
E1059,EHS-002,Forklift Certification,2024-01-09,85
E1059,QA-001,Quality Management System,2024-09-16,76
E1059,FIN-001,Financial Compliance,2024-05-27,87
E1059,ENG-001,CAD Software Proficiency,2024-02-25,97
E1059,MFG-002,5S Workplace Organization,2024-07-25,84
E1059,IT-001,Information Security Awareness,2024-12-02,25
E1059,HR-001,Anti-Harassment Training,2025-12-25,12
E1060,HR-002,Code of Conduct,2025-08-21,38
E1060,QA-001,Quality Management System,2024-06-02,78
E1060,MFG-002,5S Workplace Organization,2024-04-21,83
E1060,MFG-001,Lean Manufacturing Basics,2025-01-06,95
E1060,HR-001,Anti-Harassment Training,2025-10-04,50
E1060,ENG-001,CAD Software Proficiency,2024-01-02,93
E1060,EHS-002,Forklift Certification,2026-04-23,98
E1060,IT-001,Information Security Awareness,2024-06-25,11
E1060,EHS-001,Safety Fundamentals,2024-03-16,11
E1060,FIN-001,Financial Compliance,2026-05-11,99
E1061,EHS-001,Safety Fundamentals,2026-02-23,68
E1061,MFG-001,Lean Manufacturing Basics,2024-03-16,77
E1062,ENG-001,CAD Software Proficiency,2025-12-05,83
E1062,MFG-001,Lean Manufacturing Basics,2024-08-23,84
E1062,QA-001,Quality Management System,2026-03-18,96
E1062,FIN-001,Financial Compliance,2024-10-06,92
E1062,EHS-002,Forklift Certification,2025-06-24,89
E1062,EHS-001,Safety Fundamentals,2025-10-28,70
E1062,HR-002,Code of Conduct,2024-02-17,19
E1063,IT-001,Information Security Awareness,2024-10-28,46
E1063,FIN-001,Financial Compliance,2026-02-11,98
E1063,MFG-001,Lean Manufacturing Basics,2024-11-18,82
E1063,HR-002,Code of Conduct,2024-09-22,63
E1063,EHS-001,Safety Fundamentals,2026-02-20,36
E1063,ENG-001,CAD Software Proficiency,2025-07-21,85
E1063,MFG-002,5S Workplace Organization,2024-02-17,91
E1063,HR-001,Anti-Harassment Training,2024-01-27,16
E1063,QA-001,Quality Management System,2024-01-07,71
E1064,HR-002,Code of Conduct,2024-06-08,77
E1064,EHS-002,Forklift Certification,2026-01-01,73
E1064,EHS-001,Safety Fundamentals,2026-04-27,10
E1064,IT-001,Information Security Awareness,2025-11-02,46
E1064,MFG-001,Lean Manufacturing Basics,2026-06-14,81
E1064,FIN-001,Financial Compliance,2026-01-27,94
E1064,MFG-002,5S Workplace Organization,2025-09-02,93
E1064,HR-001,Anti-Harassment Training,2024-05-03,27
E1064,ENG-001,CAD Software Proficiency,2026-01-04,98
E1065,ENG-001,CAD Software Proficiency,2026-02-19,95
E1065,MFG-002,5S Workplace Organization,2024-09-24,87
E1065,HR-002,Code of Conduct,2025-12-04,98
E1065,EHS-002,Forklift Certification,2026-05-12,89
E1065,IT-001,Information Security Awareness,2026-06-14,13
E1066,HR-001,Anti-Harassment Training,2025-11-06,68
E1066,ENG-001,CAD Software Proficiency,2026-04-12,85
E1066,MFG-002,5S Workplace Organization,2026-03-28,81
E1066,IT-001,Information Security Awareness,2025-11-14,92
E1067,FIN-001,Financial Compliance,2025-08-13,75
E1067,HR-002,Code of Conduct,2026-01-10,76
E1067,ENG-001,CAD Software Proficiency,2024-09-05,84
E1067,QA-001,Quality Management System,2024-05-08,78
E1067,IT-001,Information Security Awareness,2025-01-25,88
E1067,HR-001,Anti-Harassment Training,2025-09-17,71
E1067,MFG-001,Lean Manufacturing Basics,2026-05-05,73
E1068,QA-001,Quality Management System,2024-03-09,88
E1068,MFG-001,Lean Manufacturing Basics,2026-02-08,78
E1069,EHS-002,Forklift Certification,2025-03-16,96
E1069,MFG-002,5S Workplace Organization,2024-10-21,79
E1069,HR-002,Code of Conduct,2024-12-26,73
E1069,MFG-001,Lean Manufacturing Basics,2025-02-25,71
E1069,EHS-001,Safety Fundamentals,2025-06-27,55
E1069,HR-001,Anti-Harassment Training,2025-02-28,98
E1070,FIN-001,Financial Compliance,2026-01-11,92
E1070,EHS-001,Safety Fundamentals,2026-02-11,64
E1070,MFG-002,5S Workplace Organization,2026-02-05,71
E1070,ENG-001,CAD Software Proficiency,2026-06-13,89
E1070,HR-001,Anti-Harassment Training,2026-05-17,11
E1072,MFG-002,5S Workplace Organization,2025-02-16,88
E1072,IT-001,Information Security Awareness,2026-01-18,51
E1072,FIN-001,Financial Compliance,2025-02-13,91
E1072,EHS-002,Forklift Certification,2025-12-05,68
E1072,QA-001,Quality Management System,2025-09-07,96
E1073,FIN-001,Financial Compliance,2026-05-03,78
E1073,HR-002,Code of Conduct,2026-04-14,46
E1073,ENG-001,CAD Software Proficiency,2025-04-11,86
E1073,EHS-002,Forklift Certification,2026-06-01,79
E1073,EHS-001,Safety Fundamentals,2024-06-20,56
E1073,HR-001,Anti-Harassment Training,2026-02-15,5
E1073,QA-001,Quality Management System,2024-04-22,88
E1073,MFG-002,5S Workplace Organization,2024-12-28,72
E1074,EHS-001,Safety Fundamentals,2025-01-11,88
E1074,HR-002,Code of Conduct,2024-05-15,60
E1074,HR-001,Anti-Harassment Training,2024-06-07,94
E1075,HR-002,Code of Conduct,2026-06-17,5
E1075,FIN-001,Financial Compliance,2025-03-02,84
E1075,IT-001,Information Security Awareness,2024-12-20,34
E1075,QA-001,Quality Management System,2024-08-21,65
E1075,ENG-001,CAD Software Proficiency,2024-07-22,83
E1075,MFG-002,5S Workplace Organization,2026-06-12,73
E1075,EHS-002,Forklift Certification,2024-05-28,84
E1075,HR-001,Anti-Harassment Training,2024-07-17,90
E1075,EHS-001,Safety Fundamentals,2024-06-16,76
E1075,MFG-001,Lean Manufacturing Basics,2026-01-06,76
E1076,QA-001,Quality Management System,2026-02-01,87
E1076,ENG-001,CAD Software Proficiency,2026-03-12,95
E1076,EHS-001,Safety Fundamentals,2025-04-17,35
E1076,FIN-001,Financial Compliance,2024-11-09,87
E1076,EHS-002,Forklift Certification,2024-09-09,74
E1076,IT-001,Information Security Awareness,2024-06-13,84
E1076,HR-001,Anti-Harassment Training,2024-02-24,48
E1076,MFG-001,Lean Manufacturing Basics,2026-06-20,90
E1076,HR-002,Code of Conduct,2026-02-14,30
E1076,MFG-002,5S Workplace Organization,2026-02-14,79
E1077,QA-001,Quality Management System,2024-05-23,98
E1077,ENG-001,CAD Software Proficiency,2024-07-25,79
E1077,HR-001,Anti-Harassment Training,2026-05-06,40
E1077,EHS-002,Forklift Certification,2024-09-18,67
E1077,MFG-001,Lean Manufacturing Basics,2024-06-27,74
E1077,MFG-002,5S Workplace Organization,2026-01-25,80
E1077,IT-001,Information Security Awareness,2025-07-10,56
E1078,HR-001,Anti-Harassment Training,2026-05-09,77
E1078,HR-002,Code of Conduct,2026-05-08,76
E1078,EHS-002,Forklift Certification,2024-04-22,61
E1078,QA-001,Quality Management System,2025-02-23,95
E1078,MFG-002,5S Workplace Organization,2024-09-28,89
E1078,EHS-001,Safety Fundamentals,2025-12-21,47
E1079,MFG-002,5S Workplace Organization,2024-04-08,71
E1079,QA-001,Quality Management System,2025-01-09,91
E1079,ENG-001,CAD Software Proficiency,2024-12-22,81
E1079,EHS-002,Forklift Certification,2024-02-06,88
E1080,MFG-001,Lean Manufacturing Basics,2025-10-24,88
E1080,QA-001,Quality Management System,2026-05-17,67
E1080,HR-002,Code of Conduct,2026-01-15,58
E1080,ENG-001,CAD Software Proficiency,2024-04-17,92
E1080,MFG-002,5S Workplace Organization,2025-12-02,87
E1080,EHS-001,Safety Fundamentals,2025-09-25,80
E1080,FIN-001,Financial Compliance,2024-04-10,89
E1080,HR-001,Anti-Harassment Training,2025-05-25,36
E1080,EHS-002,Forklift Certification,2025-03-14,78
E1081,ENG-001,CAD Software Proficiency,2025-11-15,77
E1081,HR-001,Anti-Harassment Training,2026-05-04,23
E1082,HR-001,Anti-Harassment Training,2024-05-11,88
E1082,MFG-002,5S Workplace Organization,2026-06-26,75
E1082,ENG-001,CAD Software Proficiency,2026-06-04,77
E1082,FIN-001,Financial Compliance,2024-12-15,95
E1082,HR-002,Code of Conduct,2025-02-17,90
E1082,EHS-001,Safety Fundamentals,2025-12-26,65
E1082,EHS-002,Forklift Certification,2026-02-13,95
E1082,MFG-001,Lean Manufacturing Basics,2025-01-25,75
E1082,IT-001,Information Security Awareness,2025-10-28,84
E1082,QA-001,Quality Management System,2024-03-28,74
E1083,EHS-001,Safety Fundamentals,2026-04-10,80
E1083,MFG-002,5S Workplace Organization,2024-02-05,76
E1083,IT-001,Information Security Awareness,2024-10-25,32
E1083,HR-001,Anti-Harassment Training,2024-08-16,63
E1084,EHS-001,Safety Fundamentals,2026-05-01,31
E1084,QA-001,Quality Management System,2026-03-20,100
E1084,HR-002,Code of Conduct,2024-01-06,18
E1084,EHS-002,Forklift Certification,2024-11-12,62
E1084,IT-001,Information Security Awareness,2024-01-22,73
E1084,ENG-001,CAD Software Proficiency,2026-03-11,77
E1084,MFG-001,Lean Manufacturing Basics,2024-02-14,75
E1084,MFG-002,5S Workplace Organization,2024-11-10,89
E1084,HR-001,Anti-Harassment Training,2026-06-23,76
E1084,FIN-001,Financial Compliance,2026-05-06,89
E1085,EHS-001,Safety Fundamentals,2025-09-03,37
E1085,EHS-002,Forklift Certification,2025-03-04,77
E1085,IT-001,Information Security Awareness,2025-09-14,67
E1085,HR-001,Anti-Harassment Training,2024-12-07,78
E1085,MFG-002,5S Workplace Organization,2024-02-19,93
E1085,HR-002,Code of Conduct,2026-05-03,61
E1085,FIN-001,Financial Compliance,2026-06-20,100
E1086,MFG-002,5S Workplace Organization,2025-03-20,88
E1086,MFG-001,Lean Manufacturing Basics,2025-09-24,90
E1086,IT-001,Information Security Awareness,2025-08-26,23
E1086,QA-001,Quality Management System,2026-02-23,83
E1086,FIN-001,Financial Compliance,2024-01-04,75
E1086,ENG-001,CAD Software Proficiency,2025-11-26,78
E1087,FIN-001,Financial Compliance,2025-09-26,95
E1087,MFG-002,5S Workplace Organization,2024-01-21,76
E1087,ENG-001,CAD Software Proficiency,2026-03-09,100
E1087,EHS-001,Safety Fundamentals,2024-05-10,64
E1087,HR-001,Anti-Harassment Training,2026-03-25,0
E1088,MFG-001,Lean Manufacturing Basics,2026-05-20,70
E1088,FIN-001,Financial Compliance,2024-04-11,85
E1088,MFG-002,5S Workplace Organization,2026-04-16,95
E1089,HR-001,Anti-Harassment Training,2024-11-15,68
E1089,QA-001,Quality Management System,2025-08-26,91
E1090,ENG-001,CAD Software Proficiency,2026-06-22,85
E1090,IT-001,Information Security Awareness,2026-05-01,26
E1091,MFG-001,Lean Manufacturing Basics,2026-05-27,75
E1091,EHS-002,Forklift Certification,2026-05-13,71
E1091,HR-001,Anti-Harassment Training,2026-01-28,100
E1091,QA-001,Quality Management System,2025-12-28,85
E1091,EHS-001,Safety Fundamentals,2026-01-09,52
E1091,MFG-002,5S Workplace Organization,2024-08-08,81
E1091,HR-002,Code of Conduct,2025-05-07,67
E1092,HR-001,Anti-Harassment Training,2024-08-17,3
E1092,EHS-002,Forklift Certification,2025-09-05,72
E1092,MFG-001,Lean Manufacturing Basics,2025-08-24,86
E1092,MFG-002,5S Workplace Organization,2025-06-05,94
E1092,EHS-001,Safety Fundamentals,2024-09-22,16
E1092,ENG-001,CAD Software Proficiency,2024-12-02,89
E1093,ENG-001,CAD Software Proficiency,2025-01-04,91
E1093,EHS-002,Forklift Certification,2026-06-10,61
E1093,EHS-001,Safety Fundamentals,2026-03-21,26
E1093,HR-001,Anti-Harassment Training,2025-04-07,36
E1093,QA-001,Quality Management System,2025-09-11,93
E1093,IT-001,Information Security Awareness,2026-01-09,19
E1093,MFG-001,Lean Manufacturing Basics,2024-05-04,70
E1093,FIN-001,Financial Compliance,2026-05-17,78
E1094,ENG-001,CAD Software Proficiency,2026-03-19,82
E1094,MFG-001,Lean Manufacturing Basics,2024-02-10,89
E1094,FIN-001,Financial Compliance,2025-09-15,76
E1094,HR-001,Anti-Harassment Training,2024-01-16,86
E1094,EHS-002,Forklift Certification,2024-02-13,63
E1095,MFG-002,5S Workplace Organization,2026-05-19,90
E1095,FIN-001,Financial Compliance,2026-06-15,94
E1095,HR-001,Anti-Harassment Training,2025-05-11,25
E1096,EHS-002,Forklift Certification,2025-04-08,69
E1096,QA-001,Quality Management System,2026-03-12,90
E1096,HR-001,Anti-Harassment Training,2024-12-22,42
E1096,EHS-001,Safety Fundamentals,2025-08-16,3
E1096,MFG-001,Lean Manufacturing Basics,2024-08-04,81
E1096,HR-002,Code of Conduct,2025-08-28,21
E1096,MFG-002,5S Workplace Organization,2025-06-20,88
E1096,FIN-001,Financial Compliance,2024-09-04,87
E1096,ENG-001,CAD Software Proficiency,2026-01-11,92
E1096,IT-001,Information Security Awareness,2026-01-26,38
E1097,QA-001,Quality Management System,2025-04-27,92
E1097,MFG-002,5S Workplace Organization,2025-10-26,80
E1097,ENG-001,CAD Software Proficiency,2026-06-08,80
E1097,EHS-002,Forklift Certification,2026-06-03,96
E1097,IT-001,Information Security Awareness,2025-02-19,76
E1097,FIN-001,Financial Compliance,2025-06-18,78
E1097,MFG-001,Lean Manufacturing Basics,2025-03-10,82
E1097,HR-002,Code of Conduct,2024-10-04,87
E1097,HR-001,Anti-Harassment Training,2026-04-11,63
E1097,EHS-001,Safety Fundamentals,2026-06-02,11
E1098,HR-001,Anti-Harassment Training,2025-09-10,49
E1098,EHS-001,Safety Fundamentals,2026-05-15,25
E1098,FIN-001,Financial Compliance,2024-11-11,84
E1098,MFG-001,Lean Manufacturing Basics,2026-06-10,83
E1098,EHS-002,Forklift Certification,2026-03-03,97
E1099,FIN-001,Financial Compliance,2025-03-28,84
E1099,ENG-001,CAD Software Proficiency,2024-06-18,76
E1100,ENG-001,CAD Software Proficiency,2024-05-28,75
E1100,MFG-001,Lean Manufacturing Basics,2024-07-23,88
E1101,MFG-001,Lean Manufacturing Basics,2024-08-05,76
E1101,MFG-002,5S Workplace Organization,2026-04-27,81
E1101,ENG-001,CAD Software Proficiency,2025-03-10,96
E1101,HR-002,Code of Conduct,2024-03-01,9
E1101,QA-001,Quality Management System,2026-01-05,96
E1101,IT-001,Information Security Awareness,2026-04-05,10
E1101,EHS-002,Forklift Certification,2024-11-26,86
E1101,HR-001,Anti-Harassment Training,2025-12-20,54
E1102,QA-001,Quality Management System,2025-07-12,79
E1102,ENG-001,CAD Software Proficiency,2024-07-20,75
E1102,MFG-002,5S Workplace Organization,2026-04-28,93
E1102,IT-001,Information Security Awareness,2024-12-17,34
E1103,ENG-001,CAD Software Proficiency,2026-04-23,77
E1103,MFG-001,Lean Manufacturing Basics,2024-12-24,86
E1103,EHS-001,Safety Fundamentals,2025-08-17,10
E1103,QA-001,Quality Management System,2026-05-03,80
E1103,IT-001,Information Security Awareness,2025-11-24,84
E1103,HR-002,Code of Conduct,2026-01-22,81
E1103,HR-001,Anti-Harassment Training,2026-05-10,78
E1103,MFG-002,5S Workplace Organization,2024-06-18,94
E1104,QA-001,Quality Management System,2026-04-19,86
E1104,FIN-001,Financial Compliance,2025-06-26,84
E1105,HR-001,Anti-Harassment Training,2024-11-16,74
E1105,EHS-001,Safety Fundamentals,2024-10-02,84
E1105,IT-001,Information Security Awareness,2025-12-20,3
E1105,MFG-001,Lean Manufacturing Basics,2025-08-03,74
E1105,QA-001,Quality Management System,2026-01-28,82
E1105,FIN-001,Financial Compliance,2025-03-20,83
E1106,IT-001,Information Security Awareness,2026-02-22,57
E1106,EHS-001,Safety Fundamentals,2025-03-09,100
E1106,EHS-002,Forklift Certification,2026-02-16,71
E1106,FIN-001,Financial Compliance,2026-01-11,77
E1106,QA-001,Quality Management System,2024-10-27,74
E1106,MFG-002,5S Workplace Organization,2025-07-25,82
E1107,QA-001,Quality Management System,2025-01-21,81
E1107,HR-001,Anti-Harassment Training,2024-01-06,59
E1107,HR-002,Code of Conduct,2025-08-10,60
E1107,IT-001,Information Security Awareness,2026-05-08,48
E1107,MFG-001,Lean Manufacturing Basics,2026-06-13,85
E1108,HR-001,Anti-Harassment Training,2025-11-11,67
E1108,ENG-001,CAD Software Proficiency,2026-01-04,92
E1108,MFG-002,5S Workplace Organization,2026-03-28,83
E1108,EHS-001,Safety Fundamentals,2026-06-28,34
E1108,FIN-001,Financial Compliance,2025-05-09,100
E1108,HR-002,Code of Conduct,2024-05-21,74
E1109,QA-001,Quality Management System,2024-11-01,69
E1109,HR-002,Code of Conduct,2024-07-04,67
E1109,ENG-001,CAD Software Proficiency,2024-11-15,86
E1109,IT-001,Information Security Awareness,2024-12-10,32
E1109,HR-001,Anti-Harassment Training,2024-01-01,79
E1109,EHS-002,Forklift Certification,2024-01-20,73
E1109,MFG-001,Lean Manufacturing Basics,2026-06-04,92
E1109,FIN-001,Financial Compliance,2024-02-28,94
E1110,MFG-002,5S Workplace Organization,2024-05-10,84
E1110,HR-001,Anti-Harassment Training,2026-01-21,58
E1110,EHS-002,Forklift Certification,2025-07-23,80
E1110,MFG-001,Lean Manufacturing Basics,2025-03-25,72
E1111,EHS-001,Safety Fundamentals,2025-03-15,8
E1111,MFG-002,5S Workplace Organization,2025-04-20,82
E1111,ENG-001,CAD Software Proficiency,2024-11-16,78
E1111,HR-001,Anti-Harassment Training,2024-09-25,55
E1111,FIN-001,Financial Compliance,2024-10-21,78
E1111,QA-001,Quality Management System,2025-12-09,71
E1112,EHS-002,Forklift Certification,2026-06-09,88
E1112,FIN-001,Financial Compliance,2024-08-05,95
E1113,EHS-001,Safety Fundamentals,2025-03-23,42
E1113,MFG-002,5S Workplace Organization,2025-10-01,86
E1114,QA-001,Quality Management System,2026-04-04,99
E1114,MFG-002,5S Workplace Organization,2025-06-22,79
E1114,ENG-001,CAD Software Proficiency,2025-01-21,95
E1114,FIN-001,Financial Compliance,2024-06-18,85
E1114,MFG-001,Lean Manufacturing Basics,2024-08-25,94
E1114,EHS-001,Safety Fundamentals,2025-11-07,22
E1114,EHS-002,Forklift Certification,2026-01-13,72
E1114,IT-001,Information Security Awareness,2025-12-13,13
E1114,HR-002,Code of Conduct,2026-06-12,62
E1115,QA-001,Quality Management System,2024-04-01,80
E1115,HR-002,Code of Conduct,2025-07-03,69
E1115,HR-001,Anti-Harassment Training,2026-03-16,68
E1116,EHS-001,Safety Fundamentals,2026-06-17,58
E1116,FIN-001,Financial Compliance,2026-05-05,98
E1116,MFG-001,Lean Manufacturing Basics,2026-02-03,71
E1116,ENG-001,CAD Software Proficiency,2026-02-16,95
E1116,HR-001,Anti-Harassment Training,2024-08-20,5
E1116,MFG-002,5S Workplace Organization,2024-12-21,74
E1116,HR-002,Code of Conduct,2024-03-21,6
E1116,IT-001,Information Security Awareness,2025-02-15,78
E1116,QA-001,Quality Management System,2024-10-03,71
E1117,QA-001,Quality Management System,2024-07-11,90
E1117,HR-002,Code of Conduct,2025-02-22,73
E1117,EHS-002,Forklift Certification,2026-02-11,73
E1118,FIN-001,Financial Compliance,2025-02-04,83
E1118,HR-001,Anti-Harassment Training,2024-07-06,89
E1119,ENG-001,CAD Software Proficiency,2024-11-20,87
E1119,HR-001,Anti-Harassment Training,2024-01-16,10
E1119,QA-001,Quality Management System,2024-01-06,70
E1119,EHS-002,Forklift Certification,2026-06-19,78
E1119,IT-001,Information Security Awareness,2025-12-26,98
E1119,EHS-001,Safety Fundamentals,2025-12-05,26
E1119,MFG-002,5S Workplace Organization,2024-11-09,86
E1120,MFG-002,5S Workplace Organization,2026-01-21,95
E1120,HR-002,Code of Conduct,2025-06-14,0
E1120,HR-001,Anti-Harassment Training,2026-02-07,15
E1120,IT-001,Information Security Awareness,2026-01-20,46
E1120,MFG-001,Lean Manufacturing Basics,2026-05-08,84
E1120,EHS-001,Safety Fundamentals,2026-06-07,35
E1120,EHS-002,Forklift Certification,2024-04-04,69
E1120,QA-001,Quality Management System,2026-04-16,76
E1120,ENG-001,CAD Software Proficiency,2024-11-02,76
E1121,IT-001,Information Security Awareness,2024-02-24,6
E1121,HR-002,Code of Conduct,2026-02-06,100
E1121,MFG-002,5S Workplace Organization,2024-08-17,73
E1121,HR-001,Anti-Harassment Training,2024-04-24,56
E1121,QA-001,Quality Management System,2026-05-11,91
E1121,FIN-001,Financial Compliance,2024-12-22,85
E1121,ENG-001,CAD Software Proficiency,2024-02-11,82
E1122,HR-002,Code of Conduct,2025-04-03,60
E1122,MFG-002,5S Workplace Organization,2026-04-02,83
E1122,FIN-001,Financial Compliance,2024-04-20,89
E1123,MFG-002,5S Workplace Organization,2026-02-21,81
E1123,MFG-001,Lean Manufacturing Basics,2025-04-11,74
E1123,HR-001,Anti-Harassment Training,2024-12-19,7
E1123,HR-002,Code of Conduct,2025-03-04,59
E1124,MFG-002,5S Workplace Organization,2026-05-28,77
E1124,HR-001,Anti-Harassment Training,2024-07-28,66
E1124,MFG-001,Lean Manufacturing Basics,2025-04-19,85
E1124,EHS-002,Forklift Certification,2025-05-01,87
E1124,ENG-001,CAD Software Proficiency,2026-02-08,85
E1124,IT-001,Information Security Awareness,2025-10-08,75
E1124,FIN-001,Financial Compliance,2024-10-01,88
E1124,QA-001,Quality Management System,2024-01-16,97
E1124,EHS-001,Safety Fundamentals,2024-07-17,50
E1125,EHS-002,Forklift Certification,2024-03-12,78
E1125,QA-001,Quality Management System,2024-11-03,66
E1125,ENG-001,CAD Software Proficiency,2025-11-10,80
E1125,FIN-001,Financial Compliance,2026-04-28,93
E1125,EHS-001,Safety Fundamentals,2026-05-01,58
E1125,IT-001,Information Security Awareness,2025-03-28,90
E1125,MFG-001,Lean Manufacturing Basics,2025-03-26,81
E1125,HR-001,Anti-Harassment Training,2026-04-23,81
E1125,MFG-002,5S Workplace Organization,2024-11-03,82
E1126,ENG-001,CAD Software Proficiency,2026-01-20,85
E1126,EHS-001,Safety Fundamentals,2026-01-17,86
E1126,IT-001,Information Security Awareness,2025-01-04,49
E1126,HR-002,Code of Conduct,2025-08-20,5
E1126,HR-001,Anti-Harassment Training,2025-06-06,82
E1126,QA-001,Quality Management System,2026-06-03,100
E1126,EHS-002,Forklift Certification,2026-02-05,81
E1127,ENG-001,CAD Software Proficiency,2026-02-25,98
E1127,EHS-002,Forklift Certification,2024-06-12,77
E1127,QA-001,Quality Management System,2026-06-14,82
E1127,MFG-001,Lean Manufacturing Basics,2024-02-12,81
E1127,IT-001,Information Security Awareness,2025-08-17,67
E1128,QA-001,Quality Management System,2025-10-12,69
E1128,ENG-001,CAD Software Proficiency,2024-08-03,77
E1128,IT-001,Information Security Awareness,2025-03-10,9
E1129,HR-001,Anti-Harassment Training,2026-02-16,19
E1129,IT-001,Information Security Awareness,2024-09-21,2
E1129,EHS-002,Forklift Certification,2025-07-22,94
E1130,QA-001,Quality Management System,2026-06-01,83
E1130,MFG-001,Lean Manufacturing Basics,2024-02-01,95
E1130,MFG-002,5S Workplace Organization,2024-09-21,80
E1130,HR-002,Code of Conduct,2025-10-11,83
E1131,QA-001,Quality Management System,2025-03-26,81
E1131,ENG-001,CAD Software Proficiency,2024-08-12,84
E1131,FIN-001,Financial Compliance,2024-03-12,84
E1131,HR-002,Code of Conduct,2025-03-20,20
E1131,HR-001,Anti-Harassment Training,2026-05-10,23
E1131,IT-001,Information Security Awareness,2024-12-23,85
E1131,EHS-002,Forklift Certification,2024-03-08,67
E1132,MFG-001,Lean Manufacturing Basics,2025-05-12,75
E1132,HR-001,Anti-Harassment Training,2024-09-23,4
E1133,MFG-001,Lean Manufacturing Basics,2024-01-13,85
E1133,HR-001,Anti-Harassment Training,2024-08-11,19
E1133,FIN-001,Financial Compliance,2024-12-18,91
E1133,HR-002,Code of Conduct,2025-11-23,37
E1133,IT-001,Information Security Awareness,2025-05-25,73
E1133,EHS-002,Forklift Certification,2026-02-26,96
E1133,ENG-001,CAD Software Proficiency,2026-04-11,97
E1134,QA-001,Quality Management System,2026-05-04,84
E1134,EHS-001,Safety Fundamentals,2024-07-20,28
E1134,HR-001,Anti-Harassment Training,2025-06-03,41
E1135,FIN-001,Financial Compliance,2026-05-08,100
E1135,HR-002,Code of Conduct,2025-04-01,10
E1136,QA-001,Quality Management System,2024-12-28,92
E1136,EHS-002,Forklift Certification,2025-07-12,60
E1136,MFG-002,5S Workplace Organization,2025-06-12,79
E1136,ENG-001,CAD Software Proficiency,2025-09-03,81
E1136,HR-002,Code of Conduct,2026-04-24,53
E1136,HR-001,Anti-Harassment Training,2025-05-06,93
E1136,EHS-001,Safety Fundamentals,2025-12-14,17
E1136,IT-001,Information Security Awareness,2026-05-03,18
E1136,FIN-001,Financial Compliance,2024-05-16,91
E1136,MFG-001,Lean Manufacturing Basics,2025-02-19,94
E1137,EHS-002,Forklift Certification,2025-12-19,68
E1137,EHS-001,Safety Fundamentals,2024-03-27,48
E1137,MFG-002,5S Workplace Organization,2025-09-16,71
E1137,MFG-001,Lean Manufacturing Basics,2025-10-10,85
E1137,HR-001,Anti-Harassment Training,2026-06-15,28
E1137,HR-002,Code of Conduct,2024-01-05,33
E1137,FIN-001,Financial Compliance,2025-11-27,95
E1137,QA-001,Quality Management System,2025-02-21,83
E1138,HR-001,Anti-Harassment Training,2026-06-12,74
E1138,QA-001,Quality Management System,2025-10-14,81
E1138,HR-002,Code of Conduct,2026-06-16,88
E1138,EHS-001,Safety Fundamentals,2024-06-17,93
E1138,MFG-002,5S Workplace Organization,2026-01-28,78
E1138,FIN-001,Financial Compliance,2024-10-02,79
E1138,ENG-001,CAD Software Proficiency,2025-08-23,79
E1138,MFG-001,Lean Manufacturing Basics,2025-03-02,78
E1139,MFG-002,5S Workplace Organization,2026-02-25,90
E1139,MFG-001,Lean Manufacturing Basics,2024-02-20,94
E1139,EHS-001,Safety Fundamentals,2024-09-11,40
E1139,HR-001,Anti-Harassment Training,2026-03-09,87
E1139,FIN-001,Financial Compliance,2026-06-12,78
E1139,IT-001,Information Security Awareness,2026-05-12,18
E1139,QA-001,Quality Management System,2024-03-17,83
E1140,QA-001,Quality Management System,2026-02-27,77
E1140,MFG-002,5S Workplace Organization,2026-05-23,86
E1140,MFG-001,Lean Manufacturing Basics,2026-06-18,92
E1140,EHS-002,Forklift Certification,2024-07-15,64
E1140,EHS-001,Safety Fundamentals,2024-03-01,61
E1140,ENG-001,CAD Software Proficiency,2025-05-23,86
E1140,IT-001,Information Security Awareness,2024-08-20,66
E1141,HR-001,Anti-Harassment Training,2026-02-23,29
E1141,IT-001,Information Security Awareness,2025-03-07,16
E1141,EHS-001,Safety Fundamentals,2024-07-23,97
E1141,MFG-001,Lean Manufacturing Basics,2024-02-01,94
E1141,QA-001,Quality Management System,2025-07-02,77
E1141,EHS-002,Forklift Certification,2024-01-26,92
E1141,ENG-001,CAD Software Proficiency,2026-01-16,78
E1142,EHS-001,Safety Fundamentals,2024-10-07,75
E1142,EHS-002,Forklift Certification,2024-03-22,82
E1142,IT-001,Information Security Awareness,2024-02-05,95
E1142,MFG-001,Lean Manufacturing Basics,2025-10-12,81
E1142,FIN-001,Financial Compliance,2024-09-25,98
E1142,MFG-002,5S Workplace Organization,2026-02-17,88
E1143,EHS-002,Forklift Certification,2026-02-10,70
E1143,EHS-001,Safety Fundamentals,2026-01-24,12
E1143,HR-002,Code of Conduct,2024-09-28,90
E1144,MFG-001,Lean Manufacturing Basics,2024-09-08,83
E1144,HR-001,Anti-Harassment Training,2024-06-04,59
E1144,QA-001,Quality Management System,2024-09-05,96
E1144,FIN-001,Financial Compliance,2025-12-10,92
E1144,EHS-001,Safety Fundamentals,2026-01-03,41
E1144,EHS-002,Forklift Certification,2025-02-13,78
E1144,ENG-001,CAD Software Proficiency,2025-10-24,84
E1144,IT-001,Information Security Awareness,2026-04-08,70
E1144,HR-002,Code of Conduct,2025-05-28,54
E1145,EHS-002,Forklift Certification,2026-04-22,66
E1145,QA-001,Quality Management System,2025-08-17,70
E1145,MFG-001,Lean Manufacturing Basics,2024-03-13,82
E1145,FIN-001,Financial Compliance,2026-05-04,98
E1145,EHS-001,Safety Fundamentals,2024-02-12,25
E1146,HR-002,Code of Conduct,2026-05-19,34
E1146,MFG-002,5S Workplace Organization,2026-04-12,85
E1146,EHS-002,Forklift Certification,2026-05-13,91
E1146,QA-001,Quality Management System,2026-03-05,94
E1146,FIN-001,Financial Compliance,2024-02-09,90
E1146,MFG-001,Lean Manufacturing Basics,2025-04-21,74
E1146,HR-001,Anti-Harassment Training,2024-02-24,6
E1147,QA-001,Quality Management System,2025-10-22,85
E1147,EHS-001,Safety Fundamentals,2024-05-20,79
E1147,HR-001,Anti-Harassment Training,2024-02-22,96
E1148,QA-001,Quality Management System,2026-05-01,67
E1148,FIN-001,Financial Compliance,2025-02-13,89
E1148,HR-002,Code of Conduct,2025-07-15,58
E1148,HR-001,Anti-Harassment Training,2024-01-06,71
E1148,MFG-001,Lean Manufacturing Basics,2026-03-23,75
E1148,ENG-001,CAD Software Proficiency,2025-07-05,84
E1148,IT-001,Information Security Awareness,2026-04-16,97
E1148,MFG-002,5S Workplace Organization,2024-10-22,85
E1148,EHS-002,Forklift Certification,2026-05-22,94
E1148,EHS-001,Safety Fundamentals,2026-04-16,71
E1149,ENG-001,CAD Software Proficiency,2025-10-13,94
E1149,EHS-001,Safety Fundamentals,2026-03-25,36
E1149,MFG-002,5S Workplace Organization,2025-01-01,88
E1149,HR-001,Anti-Harassment Training,2024-03-27,46
E1150,FIN-001,Financial Compliance,2025-07-12,76
E1150,EHS-001,Safety Fundamentals,2026-02-08,30
E1150,MFG-001,Lean Manufacturing Basics,2026-03-19,72
E1150,HR-002,Code of Conduct,2026-01-28,39
E1150,ENG-001,CAD Software Proficiency,2024-06-06,75
E1150,MFG-002,5S Workplace Organization,2026-03-02,84
E1150,HR-001,Anti-Harassment Training,2026-04-19,65
E1151,IT-001,Information Security Awareness,2025-06-19,12
E1151,EHS-001,Safety Fundamentals,2025-02-23,86
E1151,QA-001,Quality Management System,2024-06-16,97
E1151,FIN-001,Financial Compliance,2026-03-06,94
E1151,ENG-001,CAD Software Proficiency,2025-06-14,81
E1151,HR-001,Anti-Harassment Training,2025-11-28,100
E1151,HR-002,Code of Conduct,2024-09-07,36
E1151,MFG-002,5S Workplace Organization,2025-01-10,88
E1152,HR-002,Code of Conduct,2026-04-14,26
E1152,EHS-002,Forklift Certification,2025-02-21,79
E1152,ENG-001,CAD Software Proficiency,2026-03-14,96
E1152,IT-001,Information Security Awareness,2026-03-07,53
E1152,HR-001,Anti-Harassment Training,2025-05-20,65
E1152,MFG-001,Lean Manufacturing Basics,2025-11-25,87
E1152,EHS-001,Safety Fundamentals,2024-01-21,90
E1152,MFG-002,5S Workplace Organization,2026-02-19,85
E1153,QA-001,Quality Management System,2026-01-17,77
E1153,IT-001,Information Security Awareness,2025-08-05,30
E1153,MFG-002,5S Workplace Organization,2024-12-22,94
E1153,ENG-001,CAD Software Proficiency,2025-07-14,85
E1153,MFG-001,Lean Manufacturing Basics,2024-11-07,83
E1155,IT-001,Information Security Awareness,2025-04-04,19
E1155,HR-001,Anti-Harassment Training,2024-01-08,39
E1155,FIN-001,Financial Compliance,2025-08-18,88
E1155,MFG-001,Lean Manufacturing Basics,2025-11-02,76
E1155,QA-001,Quality Management System,2024-05-05,66
E1155,EHS-002,Forklift Certification,2025-05-22,95
E1156,EHS-001,Safety Fundamentals,2024-06-20,38
E1156,QA-001,Quality Management System,2024-07-12,70
E1156,FIN-001,Financial Compliance,2025-12-27,79
E1156,ENG-001,CAD Software Proficiency,2024-02-19,98
E1157,EHS-002,Forklift Certification,2026-06-08,87
E1157,ENG-001,CAD Software Proficiency,2024-03-04,80
E1157,IT-001,Information Security Awareness,2024-05-15,52
E1157,HR-002,Code of Conduct,2025-10-02,62
E1157,EHS-001,Safety Fundamentals,2026-03-23,14
E1157,FIN-001,Financial Compliance,2025-09-14,90
E1157,MFG-001,Lean Manufacturing Basics,2026-02-09,95
E1157,QA-001,Quality Management System,2024-06-16,88
E1157,HR-001,Anti-Harassment Training,2025-01-21,77
E1157,MFG-002,5S Workplace Organization,2024-12-22,95
E1158,HR-002,Code of Conduct,2026-04-10,81
E1158,IT-001,Information Security Awareness,2026-03-26,87
E1159,ENG-001,CAD Software Proficiency,2025-01-13,83
E1159,HR-002,Code of Conduct,2025-02-27,96
E1159,QA-001,Quality Management System,2024-05-07,75
E1160,MFG-001,Lean Manufacturing Basics,2025-12-14,73
E1160,MFG-002,5S Workplace Organization,2024-12-09,86
E1160,EHS-001,Safety Fundamentals,2024-06-14,77
E1160,HR-001,Anti-Harassment Training,2026-05-24,41
E1160,QA-001,Quality Management System,2025-12-01,68
E1160,HR-002,Code of Conduct,2026-06-06,80
E1160,IT-001,Information Security Awareness,2025-11-05,0
E1160,ENG-001,CAD Software Proficiency,2025-04-21,84
E1160,EHS-002,Forklift Certification,2025-10-03,67
E1161,HR-002,Code of Conduct,2026-06-14,40
E1161,ENG-001,CAD Software Proficiency,2025-08-28,98
E1161,HR-001,Anti-Harassment Training,2024-05-06,87
E1161,MFG-002,5S Workplace Organization,2026-03-26,79
E1162,EHS-002,Forklift Certification,2025-10-08,61
E1162,MFG-002,5S Workplace Organization,2024-09-21,89
E1162,MFG-001,Lean Manufacturing Basics,2026-02-03,84
E1162,FIN-001,Financial Compliance,2024-05-23,80
E1162,HR-002,Code of Conduct,2024-07-20,54
E1163,HR-001,Anti-Harassment Training,2024-12-17,55
E1163,EHS-002,Forklift Certification,2025-11-16,67
E1163,MFG-001,Lean Manufacturing Basics,2024-12-07,76
E1163,ENG-001,CAD Software Proficiency,2025-05-24,90
E1163,IT-001,Information Security Awareness,2025-03-14,26
E1163,EHS-001,Safety Fundamentals,2026-02-27,36
E1164,MFG-002,5S Workplace Organization,2024-05-09,77
E1164,HR-001,Anti-Harassment Training,2026-04-08,47
E1164,FIN-001,Financial Compliance,2026-06-21,89
E1164,QA-001,Quality Management System,2024-01-16,73
E1164,EHS-002,Forklift Certification,2025-12-13,73
E1165,MFG-002,5S Workplace Organization,2024-08-12,89
E1165,IT-001,Information Security Awareness,2026-05-23,95
E1165,EHS-002,Forklift Certification,2024-01-09,92
E1165,EHS-001,Safety Fundamentals,2026-04-10,50
E1165,ENG-001,CAD Software Proficiency,2026-03-05,92
E1165,FIN-001,Financial Compliance,2024-10-06,83
E1165,MFG-001,Lean Manufacturing Basics,2024-09-16,80
E1165,QA-001,Quality Management System,2025-03-03,85
E1166,MFG-002,5S Workplace Organization,2025-05-09,89
E1166,HR-001,Anti-Harassment Training,2025-09-11,55
E1166,IT-001,Information Security Awareness,2024-06-24,62
E1166,EHS-001,Safety Fundamentals,2024-09-28,84
E1166,ENG-001,CAD Software Proficiency,2026-04-02,81
E1166,FIN-001,Financial Compliance,2024-01-08,80
E1166,EHS-002,Forklift Certification,2024-08-09,70
E1166,HR-002,Code of Conduct,2026-04-14,14
E1166,MFG-001,Lean Manufacturing Basics,2025-01-15,81
E1166,QA-001,Quality Management System,2026-05-16,94
E1167,EHS-002,Forklift Certification,2026-05-27,77
E1167,HR-001,Anti-Harassment Training,2026-06-19,27
E1167,FIN-001,Financial Compliance,2026-01-17,99
E1167,ENG-001,CAD Software Proficiency,2026-02-14,77
E1167,EHS-001,Safety Fundamentals,2024-08-22,12
E1167,QA-001,Quality Management System,2025-01-10,72
E1167,MFG-002,5S Workplace Organization,2025-06-19,73
E1167,MFG-001,Lean Manufacturing Basics,2025-03-01,72
E1167,HR-002,Code of Conduct,2025-12-22,61
E1168,IT-001,Information Security Awareness,2024-01-26,82
E1168,EHS-001,Safety Fundamentals,2025-06-26,7
E1168,MFG-001,Lean Manufacturing Basics,2026-01-18,89
E1168,ENG-001,CAD Software Proficiency,2025-02-13,83
E1168,QA-001,Quality Management System,2024-04-25,90
E1168,FIN-001,Financial Compliance,2024-01-28,81
E1168,HR-002,Code of Conduct,2024-07-25,51
E1168,EHS-002,Forklift Certification,2025-11-25,69
E1168,MFG-002,5S Workplace Organization,2024-05-16,95
E1169,IT-001,Information Security Awareness,2025-07-16,34
E1169,HR-001,Anti-Harassment Training,2026-05-14,11
E1169,MFG-001,Lean Manufacturing Basics,2025-06-20,75
E1169,QA-001,Quality Management System,2025-11-14,70
E1169,EHS-001,Safety Fundamentals,2024-09-11,59
E1169,ENG-001,CAD Software Proficiency,2026-02-21,96
E1169,EHS-002,Forklift Certification,2026-02-16,93
E1169,HR-002,Code of Conduct,2026-06-17,10
E1170,QA-001,Quality Management System,2024-03-22,84
E1170,MFG-002,5S Workplace Organization,2024-09-14,79
E1170,EHS-002,Forklift Certification,2026-01-18,64
E1170,ENG-001,CAD Software Proficiency,2024-09-04,91
E1170,HR-002,Code of Conduct,2025-07-04,59
E1170,HR-001,Anti-Harassment Training,2026-06-19,32
E1171,IT-001,Information Security Awareness,2024-07-02,10
E1171,EHS-002,Forklift Certification,2025-12-10,80
E1171,EHS-001,Safety Fundamentals,2026-06-15,96
E1171,QA-001,Quality Management System,2026-04-20,81
E1171,MFG-001,Lean Manufacturing Basics,2025-03-07,75
E1171,HR-002,Code of Conduct,2024-12-20,33
E1171,ENG-001,CAD Software Proficiency,2026-01-14,92
E1172,EHS-001,Safety Fundamentals,2024-01-06,83
E1172,MFG-002,5S Workplace Organization,2025-08-23,82
E1173,IT-001,Information Security Awareness,2024-02-27,2
E1173,MFG-001,Lean Manufacturing Basics,2026-02-28,70
E1173,MFG-002,5S Workplace Organization,2024-08-21,74
E1173,QA-001,Quality Management System,2026-02-14,99
E1173,HR-001,Anti-Harassment Training,2024-02-10,98
E1173,EHS-001,Safety Fundamentals,2025-03-16,54
E1173,EHS-002,Forklift Certification,2024-02-06,69
E1173,FIN-001,Financial Compliance,2026-06-15,90
E1173,ENG-001,CAD Software Proficiency,2025-01-28,89
E1174,HR-002,Code of Conduct,2024-02-21,91
E1174,IT-001,Information Security Awareness,2025-07-28,63
E1174,MFG-002,5S Workplace Organization,2026-05-20,93
E1174,EHS-001,Safety Fundamentals,2026-03-02,62
E1174,HR-001,Anti-Harassment Training,2025-08-17,75
E1175,HR-002,Code of Conduct,2025-02-16,79
E1175,EHS-001,Safety Fundamentals,2026-03-15,89
E1175,ENG-001,CAD Software Proficiency,2025-01-06,84
E1175,FIN-001,Financial Compliance,2026-02-16,86
E1175,IT-001,Information Security Awareness,2025-04-17,28
E1175,HR-001,Anti-Harassment Training,2026-06-11,77
E1175,QA-001,Quality Management System,2026-06-15,73
E1175,EHS-002,Forklift Certification,2025-12-23,84
E1175,MFG-001,Lean Manufacturing Basics,2025-11-21,93
E1176,QA-001,Quality Management System,2024-03-07,75
E1176,HR-001,Anti-Harassment Training,2026-04-04,53
E1176,HR-002,Code of Conduct,2025-05-08,26
E1176,ENG-001,CAD Software Proficiency,2026-01-01,86
E1176,MFG-001,Lean Manufacturing Basics,2025-06-22,75
E1176,EHS-001,Safety Fundamentals,2024-09-02,8
E1176,FIN-001,Financial Compliance,2025-07-04,94
E1177,EHS-002,Forklift Certification,2025-06-25,62
E1177,ENG-001,CAD Software Proficiency,2026-03-05,97
E1177,HR-002,Code of Conduct,2026-05-22,13
E1177,QA-001,Quality Management System,2026-01-15,94
E1177,HR-001,Anti-Harassment Training,2024-02-26,78
E1178,ENG-001,CAD Software Proficiency,2024-11-04,81
E1178,EHS-001,Safety Fundamentals,2025-03-24,37
E1178,EHS-002,Forklift Certification,2026-04-25,92
E1179,EHS-002,Forklift Certification,2024-04-27,90
E1179,HR-001,Anti-Harassment Training,2025-05-17,21
E1179,MFG-001,Lean Manufacturing Basics,2024-05-12,92
E1179,ENG-001,CAD Software Proficiency,2025-06-21,96
E1179,FIN-001,Financial Compliance,2024-03-25,99
E1179,EHS-001,Safety Fundamentals,2026-04-26,29
E1179,QA-001,Quality Management System,2024-07-14,91
E1179,HR-002,Code of Conduct,2025-09-26,87
E1179,MFG-002,5S Workplace Organization,2025-01-15,74
E1180,ENG-001,CAD Software Proficiency,2024-06-11,87
E1180,EHS-002,Forklift Certification,2024-07-02,85
E1181,HR-001,Anti-Harassment Training,2026-06-26,84
E1181,EHS-001,Safety Fundamentals,2026-03-14,51
E1182,IT-001,Information Security Awareness,2026-02-18,79
E1182,MFG-001,Lean Manufacturing Basics,2026-06-15,92
E1182,ENG-001,CAD Software Proficiency,2025-11-13,99
E1182,EHS-001,Safety Fundamentals,2024-05-03,4
E1182,HR-001,Anti-Harassment Training,2026-03-13,92
E1182,FIN-001,Financial Compliance,2026-06-05,91
E1182,EHS-002,Forklift Certification,2026-03-07,65
E1182,QA-001,Quality Management System,2026-05-10,98
E1182,HR-002,Code of Conduct,2025-11-06,2
E1182,MFG-002,5S Workplace Organization,2024-09-19,78
E1183,IT-001,Information Security Awareness,2025-05-21,64
E1183,MFG-002,5S Workplace Organization,2025-02-02,94
E1183,EHS-002,Forklift Certification,2026-01-15,79
E1183,MFG-001,Lean Manufacturing Basics,2026-06-01,84
E1183,EHS-001,Safety Fundamentals,2025-04-26,95
E1184,FIN-001,Financial Compliance,2024-06-17,93
E1184,HR-002,Code of Conduct,2024-06-15,12
E1184,MFG-001,Lean Manufacturing Basics,2024-12-14,83
E1184,HR-001,Anti-Harassment Training,2024-02-02,54
E1184,MFG-002,5S Workplace Organization,2024-08-07,84
E1184,IT-001,Information Security Awareness,2024-06-22,67
E1184,EHS-002,Forklift Certification,2025-10-18,93
E1184,QA-001,Quality Management System,2025-05-19,96
E1184,ENG-001,CAD Software Proficiency,2026-04-15,97
E1184,EHS-001,Safety Fundamentals,2025-12-14,20
E1185,ENG-001,CAD Software Proficiency,2025-03-23,91
E1185,HR-001,Anti-Harassment Training,2026-01-23,27
E1185,QA-001,Quality Management System,2025-08-02,75
E1185,MFG-001,Lean Manufacturing Basics,2026-03-04,89
E1186,EHS-002,Forklift Certification,2025-05-12,79
E1186,FIN-001,Financial Compliance,2025-08-01,100
E1186,MFG-001,Lean Manufacturing Basics,2024-03-26,88
E1186,IT-001,Information Security Awareness,2025-01-10,36
E1186,HR-001,Anti-Harassment Training,2024-03-27,94
E1186,EHS-001,Safety Fundamentals,2025-01-04,70
E1186,ENG-001,CAD Software Proficiency,2025-02-28,76
E1186,MFG-002,5S Workplace Organization,2025-08-19,79
E1187,MFG-001,Lean Manufacturing Basics,2025-11-15,74
E1187,MFG-002,5S Workplace Organization,2026-03-03,95
E1187,QA-001,Quality Management System,2026-06-20,91
E1187,ENG-001,CAD Software Proficiency,2025-04-13,85
E1187,FIN-001,Financial Compliance,2026-01-22,89
E1187,IT-001,Information Security Awareness,2026-03-21,11
E1187,EHS-002,Forklift Certification,2024-12-01,96
E1187,EHS-001,Safety Fundamentals,2026-06-10,71
E1187,HR-002,Code of Conduct,2026-01-21,71
E1188,HR-002,Code of Conduct,2026-05-07,96
E1188,ENG-001,CAD Software Proficiency,2025-09-01,78
E1188,EHS-001,Safety Fundamentals,2026-05-06,2
E1189,HR-002,Code of Conduct,2025-07-19,5
E1189,FIN-001,Financial Compliance,2025-01-11,88
E1189,QA-001,Quality Management System,2024-07-01,98
E1189,EHS-001,Safety Fundamentals,2025-07-09,11
E1189,IT-001,Information Security Awareness,2024-02-18,21
E1189,MFG-001,Lean Manufacturing Basics,2025-03-06,78
E1190,HR-001,Anti-Harassment Training,2026-02-02,78
E1190,IT-001,Information Security Awareness,2025-03-01,91
E1190,MFG-002,5S Workplace Organization,2024-05-13,73
E1191,HR-001,Anti-Harassment Training,2024-04-25,76
E1191,MFG-002,5S Workplace Organization,2026-02-16,86
E1191,MFG-001,Lean Manufacturing Basics,2026-04-04,78
E1191,FIN-001,Financial Compliance,2024-06-15,92
E1191,HR-002,Code of Conduct,2025-02-16,3
E1191,EHS-001,Safety Fundamentals,2025-11-08,2
E1191,IT-001,Information Security Awareness,2025-09-19,86
E1192,HR-002,Code of Conduct,2025-10-14,57
E1192,ENG-001,CAD Software Proficiency,2024-11-17,81
E1192,HR-001,Anti-Harassment Training,2024-06-18,21
E1193,ENG-001,CAD Software Proficiency,2025-10-10,95
E1193,MFG-002,5S Workplace Organization,2024-01-02,85
E1193,QA-001,Quality Management System,2025-10-09,89
E1193,EHS-001,Safety Fundamentals,2025-11-07,74
E1193,FIN-001,Financial Compliance,2026-03-02,80
E1194,FIN-001,Financial Compliance,2024-10-17,100
E1194,EHS-002,Forklift Certification,2025-11-11,100
E1194,IT-001,Information Security Awareness,2025-12-15,34
E1194,EHS-001,Safety Fundamentals,2024-11-11,43
E1194,HR-002,Code of Conduct,2024-08-20,42
E1194,MFG-002,5S Workplace Organization,2024-12-05,90
E1194,ENG-001,CAD Software Proficiency,2024-10-16,75
E1194,HR-001,Anti-Harassment Training,2024-11-06,52
E1194,MFG-001,Lean Manufacturing Basics,2026-06-23,85
E1194,QA-001,Quality Management System,2025-09-03,69
E1195,EHS-001,Safety Fundamentals,2024-08-12,24
E1195,QA-001,Quality Management System,2025-01-08,66
E1195,EHS-002,Forklift Certification,2025-11-23,82
E1195,HR-001,Anti-Harassment Training,2024-02-27,78
E1195,HR-002,Code of Conduct,2026-03-26,91
E1195,IT-001,Information Security Awareness,2024-04-16,46
E1195,MFG-002,5S Workplace Organization,2024-05-16,92
E1195,ENG-001,CAD Software Proficiency,2026-05-07,75
E1195,FIN-001,Financial Compliance,2024-11-13,78
E1195,MFG-001,Lean Manufacturing Basics,2025-10-17,85
E1196,ENG-001,CAD Software Proficiency,2026-02-24,77
E1196,HR-002,Code of Conduct,2024-05-19,29
E1196,HR-001,Anti-Harassment Training,2026-06-26,35
E1196,EHS-001,Safety Fundamentals,2024-11-01,88
E1197,FIN-001,Financial Compliance,2024-11-17,89
E1197,IT-001,Information Security Awareness,2025-06-17,97
E1197,QA-001,Quality Management System,2024-12-08,68
E1197,EHS-001,Safety Fundamentals,2025-07-18,57
E1197,HR-002,Code of Conduct,2025-01-13,24
E1197,MFG-002,5S Workplace Organization,2025-02-19,95
E1197,HR-001,Anti-Harassment Training,2024-12-08,88
E1197,EHS-002,Forklift Certification,2025-02-08,72
E1197,MFG-001,Lean Manufacturing Basics,2024-06-10,72
E1197,ENG-001,CAD Software Proficiency,2026-06-04,75
E1198,MFG-002,5S Workplace Organization,2025-01-27,80
E1198,EHS-001,Safety Fundamentals,2026-02-03,99
E1198,MFG-001,Lean Manufacturing Basics,2026-05-15,94
E1198,FIN-001,Financial Compliance,2024-11-15,93
E1198,HR-001,Anti-Harassment Training,2024-02-02,4
E1198,EHS-002,Forklift Certification,2025-06-28,64
E1198,ENG-001,CAD Software Proficiency,2024-01-26,89
E1198,IT-001,Information Security Awareness,2024-05-20,80
E1198,HR-002,Code of Conduct,2025-02-04,86
E1199,ENG-001,CAD Software Proficiency,2025-07-13,78
E1199,EHS-001,Safety Fundamentals,2026-04-08,76
E1200,QA-001,Quality Management System,2025-07-20,71
E1200,MFG-002,5S Workplace Organization,2025-11-22,95
E1201,QA-001,Quality Management System,2025-10-07,71
E1201,ENG-001,CAD Software Proficiency,2024-01-20,97
E1202,FIN-001,Financial Compliance,2026-05-09,86
E1202,HR-002,Code of Conduct,2025-08-24,79
E1202,HR-001,Anti-Harassment Training,2025-03-08,17
E1203,EHS-001,Safety Fundamentals,2025-10-14,65
E1203,HR-001,Anti-Harassment Training,2026-03-10,74
E1204,HR-001,Anti-Harassment Training,2024-04-17,71
E1204,FIN-001,Financial Compliance,2024-07-12,81
E1204,QA-001,Quality Management System,2024-11-07,69
E1204,ENG-001,CAD Software Proficiency,2025-04-22,90
E1204,IT-001,Information Security Awareness,2026-06-15,76
E1204,MFG-002,5S Workplace Organization,2026-03-28,88
E1204,MFG-001,Lean Manufacturing Basics,2026-03-20,79
E1204,EHS-002,Forklift Certification,2025-06-06,66
E1204,EHS-001,Safety Fundamentals,2025-01-16,28
E1204,HR-002,Code of Conduct,2024-11-08,88
E1205,QA-001,Quality Management System,2025-12-13,78
E1205,HR-002,Code of Conduct,2025-03-27,0
E1205,ENG-001,CAD Software Proficiency,2025-01-03,86
E1205,FIN-001,Financial Compliance,2024-09-04,79
E1205,MFG-001,Lean Manufacturing Basics,2025-08-07,90
E1206,EHS-001,Safety Fundamentals,2025-12-06,43
E1206,FIN-001,Financial Compliance,2026-02-06,81
E1206,HR-002,Code of Conduct,2024-03-27,33
E1206,EHS-002,Forklift Certification,2024-01-27,68
E1206,HR-001,Anti-Harassment Training,2025-11-26,14
E1206,MFG-002,5S Workplace Organization,2025-04-10,84
E1206,IT-001,Information Security Awareness,2024-06-26,47
E1207,ENG-001,CAD Software Proficiency,2024-03-26,81
E1207,MFG-002,5S Workplace Organization,2024-09-13,92
E1207,EHS-002,Forklift Certification,2025-06-20,87
E1207,EHS-001,Safety Fundamentals,2026-02-02,97
E1208,ENG-001,CAD Software Proficiency,2024-11-26,83
E1208,IT-001,Information Security Awareness,2024-09-19,62
E1208,HR-001,Anti-Harassment Training,2024-12-03,100
E1208,QA-001,Quality Management System,2025-11-20,69
E1208,EHS-002,Forklift Certification,2024-09-13,92
E1209,QA-001,Quality Management System,2026-04-16,82
E1209,ENG-001,CAD Software Proficiency,2026-04-21,100
E1209,FIN-001,Financial Compliance,2026-06-02,81
E1209,EHS-002,Forklift Certification,2024-04-15,75
E1209,HR-001,Anti-Harassment Training,2025-04-10,54
E1209,MFG-001,Lean Manufacturing Basics,2025-10-06,81
E1209,HR-002,Code of Conduct,2025-09-03,17
E1210,IT-001,Information Security Awareness,2024-10-02,59
E1210,QA-001,Quality Management System,2026-05-11,92
E1210,MFG-001,Lean Manufacturing Basics,2025-08-14,83
E1211,QA-001,Quality Management System,2024-05-21,69
E1211,MFG-001,Lean Manufacturing Basics,2025-02-10,86
E1211,IT-001,Information Security Awareness,2026-05-21,10
E1211,HR-002,Code of Conduct,2025-04-04,15
E1211,EHS-001,Safety Fundamentals,2024-06-02,69
E1211,EHS-002,Forklift Certification,2024-06-07,81
E1211,MFG-002,5S Workplace Organization,2025-05-24,94
E1212,HR-002,Code of Conduct,2025-07-13,74
E1212,HR-001,Anti-Harassment Training,2026-01-16,83
E1212,IT-001,Information Security Awareness,2026-02-28,50
E1212,EHS-001,Safety Fundamentals,2024-04-24,95
E1212,ENG-001,CAD Software Proficiency,2024-08-08,91
E1212,MFG-001,Lean Manufacturing Basics,2026-05-25,84
E1213,MFG-001,Lean Manufacturing Basics,2025-09-01,81
E1213,EHS-002,Forklift Certification,2024-10-28,68
E1213,FIN-001,Financial Compliance,2025-12-01,90
E1213,MFG-002,5S Workplace Organization,2026-03-11,77
E1213,ENG-001,CAD Software Proficiency,2025-07-22,99
E1213,HR-002,Code of Conduct,2025-12-18,38
E1213,IT-001,Information Security Awareness,2025-10-01,72
E1213,EHS-001,Safety Fundamentals,2024-03-05,42
E1213,QA-001,Quality Management System,2026-06-26,90
E1214,HR-002,Code of Conduct,2025-10-15,81
E1214,MFG-002,5S Workplace Organization,2025-02-06,73
E1214,EHS-002,Forklift Certification,2026-05-06,62
E1214,IT-001,Information Security Awareness,2026-05-16,3
E1214,FIN-001,Financial Compliance,2024-04-03,87
E1214,QA-001,Quality Management System,2025-04-08,83
E1214,MFG-001,Lean Manufacturing Basics,2026-05-03,84
E1214,EHS-001,Safety Fundamentals,2024-06-17,1
E1215,MFG-001,Lean Manufacturing Basics,2024-03-18,83
E1215,MFG-002,5S Workplace Organization,2025-12-03,82
E1215,ENG-001,CAD Software Proficiency,2024-03-28,81
E1215,EHS-002,Forklift Certification,2025-07-27,90
E1216,FIN-001,Financial Compliance,2026-06-15,83
E1216,IT-001,Information Security Awareness,2024-01-05,57
E1216,HR-002,Code of Conduct,2024-07-20,31
E1216,ENG-001,CAD Software Proficiency,2026-03-19,90
E1217,QA-001,Quality Management System,2025-10-27,76
E1217,EHS-001,Safety Fundamentals,2025-04-06,79
E1217,EHS-002,Forklift Certification,2026-04-15,84
E1217,HR-001,Anti-Harassment Training,2026-02-23,72
E1217,MFG-001,Lean Manufacturing Basics,2024-07-23,71
E1217,HR-002,Code of Conduct,2024-03-09,80
E1217,MFG-002,5S Workplace Organization,2026-03-22,72
E1217,IT-001,Information Security Awareness,2026-06-24,27
E1217,FIN-001,Financial Compliance,2025-07-25,92
E1218,MFG-001,Lean Manufacturing Basics,2026-03-14,84
E1218,EHS-002,Forklift Certification,2024-05-07,92
E1218,ENG-001,CAD Software Proficiency,2024-08-01,77
E1219,MFG-002,5S Workplace Organization,2024-12-05,80
E1219,MFG-001,Lean Manufacturing Basics,2026-06-15,85
E1219,FIN-001,Financial Compliance,2025-02-03,92
E1219,QA-001,Quality Management System,2026-02-23,93
E1219,EHS-002,Forklift Certification,2024-08-27,77
E1219,HR-002,Code of Conduct,2024-03-27,2
E1219,EHS-001,Safety Fundamentals,2026-01-06,37
E1219,IT-001,Information Security Awareness,2024-09-24,50
E1219,ENG-001,CAD Software Proficiency,2024-02-22,99
E1220,IT-001,Information Security Awareness,2025-06-06,27
E1220,HR-001,Anti-Harassment Training,2026-01-22,68
E1221,QA-001,Quality Management System,2025-08-02,65
E1221,EHS-001,Safety Fundamentals,2024-07-25,25
E1221,EHS-002,Forklift Certification,2024-06-08,72
E1221,HR-002,Code of Conduct,2024-01-14,3
E1221,MFG-001,Lean Manufacturing Basics,2024-06-27,76
E1222,HR-002,Code of Conduct,2026-02-02,53
E1222,EHS-002,Forklift Certification,2026-01-27,80
E1222,HR-001,Anti-Harassment Training,2025-09-21,24
E1223,ENG-001,CAD Software Proficiency,2024-02-12,85
E1223,MFG-002,5S Workplace Organization,2024-01-13,90
E1223,FIN-001,Financial Compliance,2025-01-13,81
E1223,EHS-001,Safety Fundamentals,2025-04-03,84
E1223,EHS-002,Forklift Certification,2025-11-20,83
E1224,EHS-002,Forklift Certification,2025-05-25,98
E1224,HR-002,Code of Conduct,2025-02-23,68
E1225,IT-001,Information Security Awareness,2026-04-22,98
E1225,EHS-002,Forklift Certification,2026-02-11,71
E1225,MFG-001,Lean Manufacturing Basics,2026-06-11,91
E1225,QA-001,Quality Management System,2025-02-11,66
E1227,MFG-002,5S Workplace Organization,2025-04-24,83
E1227,ENG-001,CAD Software Proficiency,2024-10-03,76
E1227,HR-002,Code of Conduct,2024-06-16,37
E1227,IT-001,Information Security Awareness,2024-03-13,26
E1227,FIN-001,Financial Compliance,2026-01-08,98
E1227,EHS-001,Safety Fundamentals,2026-04-24,42
E1227,EHS-002,Forklift Certification,2024-05-11,62
E1227,MFG-001,Lean Manufacturing Basics,2026-04-21,79
E1227,HR-001,Anti-Harassment Training,2024-04-28,93
E1228,MFG-001,Lean Manufacturing Basics,2026-04-17,80
E1228,HR-002,Code of Conduct,2024-08-21,0
E1228,ENG-001,CAD Software Proficiency,2024-08-03,81
E1228,IT-001,Information Security Awareness,2024-11-05,26
E1228,EHS-001,Safety Fundamentals,2024-02-06,75
E1228,EHS-002,Forklift Certification,2026-02-08,92
E1228,MFG-002,5S Workplace Organization,2024-07-24,84
E1229,HR-001,Anti-Harassment Training,2024-05-10,73
E1229,HR-002,Code of Conduct,2025-11-07,34
E1229,ENG-001,CAD Software Proficiency,2025-02-12,87
E1229,QA-001,Quality Management System,2025-03-16,93
E1229,EHS-002,Forklift Certification,2025-09-20,87
E1229,IT-001,Information Security Awareness,2024-08-01,97
E1230,MFG-002,5S Workplace Organization,2025-08-10,84
E1230,EHS-002,Forklift Certification,2025-07-18,98
E1230,IT-001,Information Security Awareness,2025-02-11,17
E1230,QA-001,Quality Management System,2026-04-07,74
E1230,FIN-001,Financial Compliance,2024-01-01,91
E1230,ENG-001,CAD Software Proficiency,2026-06-12,90
E1230,MFG-001,Lean Manufacturing Basics,2025-07-13,93
E1230,HR-002,Code of Conduct,2025-07-16,39
E1231,MFG-002,5S Workplace Organization,2025-10-06,76
E1231,EHS-001,Safety Fundamentals,2025-05-25,96
E1231,EHS-002,Forklift Certification,2026-03-17,91
E1232,EHS-001,Safety Fundamentals,2024-06-21,90
E1232,MFG-002,5S Workplace Organization,2026-01-23,91
E1232,ENG-001,CAD Software Proficiency,2026-02-09,94
E1232,MFG-001,Lean Manufacturing Basics,2025-11-05,78
E1232,EHS-002,Forklift Certification,2024-10-19,70
E1232,QA-001,Quality Management System,2024-02-25,70
E1232,HR-002,Code of Conduct,2026-06-13,50
E1233,ENG-001,CAD Software Proficiency,2024-07-09,97
E1233,HR-002,Code of Conduct,2025-09-18,84
E1233,MFG-002,5S Workplace Organization,2025-10-10,93
E1234,EHS-002,Forklift Certification,2025-12-10,60
E1234,FIN-001,Financial Compliance,2024-08-01,78
E1234,MFG-001,Lean Manufacturing Basics,2024-12-14,86
E1234,MFG-002,5S Workplace Organization,2025-11-10,93
E1234,ENG-001,CAD Software Proficiency,2025-03-06,86
E1234,HR-001,Anti-Harassment Training,2024-12-05,25
E1234,QA-001,Quality Management System,2025-03-17,72
E1234,IT-001,Information Security Awareness,2025-10-27,27
E1235,HR-002,Code of Conduct,2024-05-28,52
E1235,EHS-001,Safety Fundamentals,2025-11-20,13
E1235,HR-001,Anti-Harassment Training,2026-02-03,37
E1235,MFG-002,5S Workplace Organization,2024-07-04,78
E1236,MFG-001,Lean Manufacturing Basics,2025-08-22,94
E1236,EHS-001,Safety Fundamentals,2024-01-02,34
E1236,HR-002,Code of Conduct,2024-11-19,5
E1237,HR-002,Code of Conduct,2025-10-17,97
E1237,ENG-001,CAD Software Proficiency,2025-08-16,99
E1237,EHS-001,Safety Fundamentals,2025-10-14,43
E1238,MFG-001,Lean Manufacturing Basics,2026-01-12,80
E1238,FIN-001,Financial Compliance,2024-01-15,97
E1238,HR-002,Code of Conduct,2025-12-27,17
E1238,HR-001,Anti-Harassment Training,2024-10-04,67
E1238,ENG-001,CAD Software Proficiency,2025-12-25,82
E1238,QA-001,Quality Management System,2025-08-20,95
E1238,IT-001,Information Security Awareness,2026-04-22,24
E1239,MFG-001,Lean Manufacturing Basics,2026-03-28,71
E1239,EHS-001,Safety Fundamentals,2026-03-22,56
E1240,FIN-001,Financial Compliance,2024-06-14,90
E1240,QA-001,Quality Management System,2026-06-04,89
E1240,MFG-002,5S Workplace Organization,2025-10-07,92
E1240,MFG-001,Lean Manufacturing Basics,2024-09-19,95
E1240,IT-001,Information Security Awareness,2026-05-02,16
E1241,EHS-002,Forklift Certification,2024-04-06,65
E1241,IT-001,Information Security Awareness,2024-07-23,3
E1241,QA-001,Quality Management System,2024-06-13,82
E1241,FIN-001,Financial Compliance,2024-12-09,96
E1241,HR-002,Code of Conduct,2025-11-04,85
E1241,EHS-001,Safety Fundamentals,2024-09-21,92
E1241,MFG-001,Lean Manufacturing Basics,2025-02-26,92
E1241,HR-001,Anti-Harassment Training,2025-04-19,98
E1241,ENG-001,CAD Software Proficiency,2026-01-21,85
E1242,MFG-002,5S Workplace Organization,2025-02-04,72
E1242,ENG-001,CAD Software Proficiency,2025-12-19,81
E1242,FIN-001,Financial Compliance,2026-01-19,86
E1242,QA-001,Quality Management System,2024-06-13,65
E1242,EHS-002,Forklift Certification,2025-01-19,94
E1242,MFG-001,Lean Manufacturing Basics,2024-07-14,80
E1242,HR-001,Anti-Harassment Training,2025-11-26,16
E1242,EHS-001,Safety Fundamentals,2026-06-20,75
E1243,EHS-002,Forklift Certification,2025-03-27,78
E1243,MFG-002,5S Workplace Organization,2024-08-22,84
E1243,EHS-001,Safety Fundamentals,2024-10-10,18
E1243,IT-001,Information Security Awareness,2026-06-28,89
E1243,HR-002,Code of Conduct,2024-10-11,39
E1244,EHS-002,Forklift Certification,2025-03-27,73
E1244,IT-001,Information Security Awareness,2026-02-23,94
E1244,QA-001,Quality Management System,2024-03-28,96
E1244,MFG-001,Lean Manufacturing Basics,2026-04-10,91
E1244,FIN-001,Financial Compliance,2024-01-18,87
E1244,HR-002,Code of Conduct,2025-07-22,60
E1244,HR-001,Anti-Harassment Training,2025-07-13,9
E1244,ENG-001,CAD Software Proficiency,2026-06-10,84
E1244,MFG-002,5S Workplace Organization,2026-02-23,87
E1244,EHS-001,Safety Fundamentals,2025-02-05,41
E1245,IT-001,Information Security Awareness,2026-02-19,17
E1245,QA-001,Quality Management System,2025-12-16,83
E1246,HR-002,Code of Conduct,2026-01-12,92
E1246,FIN-001,Financial Compliance,2026-01-22,100
E1246,ENG-001,CAD Software Proficiency,2024-07-14,96
E1246,MFG-001,Lean Manufacturing Basics,2024-01-04,81
E1247,HR-001,Anti-Harassment Training,2024-01-04,30
E1247,EHS-001,Safety Fundamentals,2025-08-10,88
E1247,EHS-002,Forklift Certification,2026-02-21,84
E1247,IT-001,Information Security Awareness,2026-06-22,11
E1247,MFG-001,Lean Manufacturing Basics,2025-11-13,78
E1247,FIN-001,Financial Compliance,2026-06-15,86
E1247,HR-002,Code of Conduct,2024-02-04,10
E1247,ENG-001,CAD Software Proficiency,2024-08-21,96
E1247,QA-001,Quality Management System,2026-02-01,95
E1248,EHS-002,Forklift Certification,2025-10-05,66
E1248,HR-001,Anti-Harassment Training,2025-02-23,68
E1248,MFG-002,5S Workplace Organization,2024-07-27,92
E1248,HR-002,Code of Conduct,2024-07-18,68
E1248,MFG-001,Lean Manufacturing Basics,2026-04-03,86
E1248,QA-001,Quality Management System,2026-05-23,72
E1249,EHS-002,Forklift Certification,2025-06-04,62
E1249,HR-001,Anti-Harassment Training,2024-10-07,83
E1249,ENG-001,CAD Software Proficiency,2024-02-18,83
E1249,EHS-001,Safety Fundamentals,2024-02-04,64
E1249,IT-001,Information Security Awareness,2025-06-18,21
E1250,EHS-001,Safety Fundamentals,2026-04-23,40
E1250,HR-002,Code of Conduct,2026-03-20,68
E1250,IT-001,Information Security Awareness,2026-02-23,12
E1250,FIN-001,Financial Compliance,2026-01-08,76
E1250,QA-001,Quality Management System,2024-03-10,78
E1250,HR-001,Anti-Harassment Training,2024-10-18,27
E1250,ENG-001,CAD Software Proficiency,2026-03-09,79
E1250,MFG-002,5S Workplace Organization,2026-05-14,72
E1251,IT-001,Information Security Awareness,2026-02-18,26
E1251,FIN-001,Financial Compliance,2024-11-24,83
E1251,MFG-002,5S Workplace Organization,2026-06-21,76
E1251,MFG-001,Lean Manufacturing Basics,2026-03-19,91
E1251,EHS-002,Forklift Certification,2026-05-20,70
E1251,HR-002,Code of Conduct,2025-03-11,100
E1251,ENG-001,CAD Software Proficiency,2025-07-01,94
E1251,EHS-001,Safety Fundamentals,2024-02-09,15
E1251,QA-001,Quality Management System,2026-01-22,100
E1251,HR-001,Anti-Harassment Training,2025-02-11,81
E1252,MFG-001,Lean Manufacturing Basics,2024-04-09,70
E1252,FIN-001,Financial Compliance,2024-07-08,87
E1252,IT-001,Information Security Awareness,2024-02-06,67
E1253,FIN-001,Financial Compliance,2025-09-09,94
E1253,QA-001,Quality Management System,2024-01-06,85
E1253,EHS-002,Forklift Certification,2025-03-12,94
E1253,IT-001,Information Security Awareness,2026-05-28,51
E1253,HR-001,Anti-Harassment Training,2025-10-05,33
E1253,MFG-002,5S Workplace Organization,2024-11-17,92
E1254,HR-001,Anti-Harassment Training,2026-03-02,92
E1254,FIN-001,Financial Compliance,2026-03-23,99
E1254,MFG-002,5S Workplace Organization,2024-11-20,83
E1254,IT-001,Information Security Awareness,2026-04-06,56
E1256,QA-001,Quality Management System,2025-11-28,70
E1256,ENG-001,CAD Software Proficiency,2025-07-25,85
E1256,IT-001,Information Security Awareness,2024-11-03,9
E1256,HR-001,Anti-Harassment Training,2026-02-03,21
E1256,HR-002,Code of Conduct,2026-01-03,95
E1256,FIN-001,Financial Compliance,2025-09-16,100
E1256,EHS-002,Forklift Certification,2024-07-22,92
E1257,QA-001,Quality Management System,2024-10-07,65
E1257,FIN-001,Financial Compliance,2026-04-23,92
E1257,EHS-002,Forklift Certification,2026-03-08,93
E1257,HR-002,Code of Conduct,2026-05-02,77
E1258,HR-001,Anti-Harassment Training,2024-07-16,48
E1258,ENG-001,CAD Software Proficiency,2024-06-04,85
E1258,HR-002,Code of Conduct,2026-02-27,69
E1258,EHS-002,Forklift Certification,2024-05-10,90
E1258,EHS-001,Safety Fundamentals,2025-05-07,0
E1258,FIN-001,Financial Compliance,2026-06-19,87
E1258,MFG-002,5S Workplace Organization,2024-05-21,86
E1258,IT-001,Information Security Awareness,2024-08-20,62
E1258,QA-001,Quality Management System,2024-06-01,94
E1259,IT-001,Information Security Awareness,2025-01-04,55
E1259,MFG-001,Lean Manufacturing Basics,2025-04-03,86
E1259,EHS-002,Forklift Certification,2026-02-14,67
E1259,EHS-001,Safety Fundamentals,2025-01-05,98
E1259,HR-001,Anti-Harassment Training,2026-03-08,60
E1259,QA-001,Quality Management System,2025-06-10,88
E1259,HR-002,Code of Conduct,2025-03-18,34
E1260,QA-001,Quality Management System,2024-06-24,92
E1260,FIN-001,Financial Compliance,2024-06-28,97
E1260,HR-001,Anti-Harassment Training,2024-02-07,36
E1261,HR-001,Anti-Harassment Training,2025-12-11,4
E1261,MFG-002,5S Workplace Organization,2024-11-07,85
E1262,EHS-002,Forklift Certification,2025-07-17,84
E1262,MFG-002,5S Workplace Organization,2024-02-04,95
E1262,QA-001,Quality Management System,2024-03-05,87
E1262,IT-001,Information Security Awareness,2026-01-25,87
E1262,HR-002,Code of Conduct,2024-01-22,43
E1262,FIN-001,Financial Compliance,2025-10-24,75
E1263,QA-001,Quality Management System,2024-12-17,76
E1263,IT-001,Information Security Awareness,2024-05-25,14
E1263,ENG-001,CAD Software Proficiency,2025-12-08,96
E1263,HR-002,Code of Conduct,2025-04-16,90
E1263,EHS-001,Safety Fundamentals,2024-12-24,64
E1263,MFG-002,5S Workplace Organization,2026-02-07,88
E1263,EHS-002,Forklift Certification,2026-06-05,74
E1263,HR-001,Anti-Harassment Training,2024-03-13,4
E1264,HR-002,Code of Conduct,2024-01-13,52
E1264,HR-001,Anti-Harassment Training,2026-03-23,81
E1264,MFG-002,5S Workplace Organization,2024-04-11,83
E1264,EHS-001,Safety Fundamentals,2025-01-17,54
E1264,IT-001,Information Security Awareness,2026-01-10,14
E1264,EHS-002,Forklift Certification,2025-06-09,82
E1265,HR-002,Code of Conduct,2026-03-07,36
E1265,MFG-001,Lean Manufacturing Basics,2025-05-20,73
E1265,EHS-001,Safety Fundamentals,2025-03-09,62
E1265,EHS-002,Forklift Certification,2025-06-10,67
E1265,QA-001,Quality Management System,2024-11-01,100
E1265,ENG-001,CAD Software Proficiency,2024-06-12,98
E1265,IT-001,Information Security Awareness,2025-12-25,75
E1265,HR-001,Anti-Harassment Training,2026-05-12,30
E1266,HR-002,Code of Conduct,2024-01-19,83
E1266,MFG-002,5S Workplace Organization,2024-04-23,84
E1266,EHS-002,Forklift Certification,2024-02-18,99
E1266,EHS-001,Safety Fundamentals,2025-05-24,60
E1266,QA-001,Quality Management System,2024-09-24,74
E1266,IT-001,Information Security Awareness,2024-03-07,53
E1267,IT-001,Information Security Awareness,2026-05-26,2
E1267,ENG-001,CAD Software Proficiency,2024-10-09,97
E1267,MFG-001,Lean Manufacturing Basics,2024-05-02,88
E1267,HR-001,Anti-Harassment Training,2024-12-07,94
E1267,HR-002,Code of Conduct,2025-08-22,68
E1267,EHS-001,Safety Fundamentals,2026-01-06,56
E1267,QA-001,Quality Management System,2026-04-18,89
E1267,FIN-001,Financial Compliance,2025-10-09,81
E1267,EHS-002,Forklift Certification,2024-01-06,96
E1267,MFG-002,5S Workplace Organization,2024-10-23,70
E1268,QA-001,Quality Management System,2024-01-18,80
E1268,ENG-001,CAD Software Proficiency,2025-01-21,79
E1268,IT-001,Information Security Awareness,2025-03-09,6
E1268,HR-001,Anti-Harassment Training,2026-02-27,26
E1268,EHS-002,Forklift Certification,2026-01-01,82
E1268,MFG-002,5S Workplace Organization,2026-05-12,80
E1268,FIN-001,Financial Compliance,2024-12-18,83
E1268,HR-002,Code of Conduct,2026-02-14,78
E1268,EHS-001,Safety Fundamentals,2025-06-02,80
E1268,MFG-001,Lean Manufacturing Basics,2024-06-08,93
E1269,HR-001,Anti-Harassment Training,2024-12-24,88
E1269,IT-001,Information Security Awareness,2025-11-09,80
E1269,EHS-001,Safety Fundamentals,2026-05-18,26
E1269,ENG-001,CAD Software Proficiency,2025-04-11,83
E1269,MFG-001,Lean Manufacturing Basics,2024-10-21,95
E1269,MFG-002,5S Workplace Organization,2025-03-15,77
E1270,MFG-001,Lean Manufacturing Basics,2024-04-19,85
E1270,HR-001,Anti-Harassment Training,2026-02-21,36
E1270,QA-001,Quality Management System,2024-05-06,76
E1270,EHS-001,Safety Fundamentals,2025-11-20,24
E1270,HR-002,Code of Conduct,2024-03-03,54
E1270,EHS-002,Forklift Certification,2024-08-21,85
E1270,FIN-001,Financial Compliance,2024-12-17,79
E1270,MFG-002,5S Workplace Organization,2026-01-20,73
E1271,MFG-002,5S Workplace Organization,2024-05-05,90
E1271,EHS-001,Safety Fundamentals,2026-01-26,1
E1271,EHS-002,Forklift Certification,2024-09-24,81
E1271,FIN-001,Financial Compliance,2026-01-07,79
E1271,ENG-001,CAD Software Proficiency,2025-10-15,80
E1271,MFG-001,Lean Manufacturing Basics,2025-06-16,74
E1271,QA-001,Quality Management System,2024-01-18,82
E1271,IT-001,Information Security Awareness,2026-05-04,2
E1272,EHS-002,Forklift Certification,2025-02-17,86
E1272,ENG-001,CAD Software Proficiency,2024-01-08,75
E1273,MFG-002,5S Workplace Organization,2025-04-22,82
E1273,FIN-001,Financial Compliance,2026-06-27,78
E1273,HR-001,Anti-Harassment Training,2025-03-04,28
E1273,QA-001,Quality Management System,2024-05-12,69
E1273,MFG-001,Lean Manufacturing Basics,2026-03-04,81
E1274,EHS-001,Safety Fundamentals,2025-09-11,76
E1274,HR-001,Anti-Harassment Training,2024-11-14,19
E1274,ENG-001,CAD Software Proficiency,2026-06-10,94
E1275,MFG-001,Lean Manufacturing Basics,2025-12-26,72
E1275,EHS-002,Forklift Certification,2024-03-25,69
E1275,IT-001,Information Security Awareness,2025-03-13,57
E1275,HR-002,Code of Conduct,2026-04-27,8
E1275,FIN-001,Financial Compliance,2024-10-14,98
E1275,HR-001,Anti-Harassment Training,2025-03-03,41
E1276,HR-001,Anti-Harassment Training,2025-07-16,88
E1276,MFG-002,5S Workplace Organization,2025-10-26,90
E1276,MFG-001,Lean Manufacturing Basics,2025-03-26,90
E1276,FIN-001,Financial Compliance,2024-07-14,92
E1277,ENG-001,CAD Software Proficiency,2026-05-25,97
E1277,FIN-001,Financial Compliance,2026-02-23,77
E1277,QA-001,Quality Management System,2024-06-01,78
E1277,IT-001,Information Security Awareness,2024-06-18,60
E1277,MFG-002,5S Workplace Organization,2024-02-02,81
E1277,EHS-002,Forklift Certification,2025-03-10,89
E1277,HR-002,Code of Conduct,2024-09-14,31
E1277,EHS-001,Safety Fundamentals,2024-04-02,95
E1277,MFG-001,Lean Manufacturing Basics,2024-02-23,92
E1278,MFG-002,5S Workplace Organization,2024-12-04,91
E1278,EHS-001,Safety Fundamentals,2026-01-16,76
E1278,FIN-001,Financial Compliance,2024-01-05,86
E1278,HR-001,Anti-Harassment Training,2024-02-08,9
E1279,FIN-001,Financial Compliance,2024-03-16,98
E1279,MFG-002,5S Workplace Organization,2024-12-17,92
E1280,QA-001,Quality Management System,2025-02-05,68
E1280,MFG-002,5S Workplace Organization,2026-01-20,94
E1280,MFG-001,Lean Manufacturing Basics,2024-09-06,70
E1280,HR-002,Code of Conduct,2025-07-22,58
E1280,FIN-001,Financial Compliance,2026-06-27,83
E1280,EHS-001,Safety Fundamentals,2026-05-10,90
E1281,MFG-002,5S Workplace Organization,2025-03-24,76
E1281,HR-001,Anti-Harassment Training,2025-10-02,28
E1281,IT-001,Information Security Awareness,2025-03-27,95
E1281,EHS-001,Safety Fundamentals,2026-05-27,9
E1281,QA-001,Quality Management System,2026-04-16,85
E1282,MFG-002,5S Workplace Organization,2024-02-03,81
E1282,HR-001,Anti-Harassment Training,2026-03-01,30
E1282,EHS-001,Safety Fundamentals,2025-03-18,13
E1282,FIN-001,Financial Compliance,2024-04-20,75
E1282,ENG-001,CAD Software Proficiency,2025-04-18,81
E1282,HR-002,Code of Conduct,2026-01-08,34
E1282,EHS-002,Forklift Certification,2024-10-19,62
E1282,IT-001,Information Security Awareness,2026-04-02,6
E1283,EHS-002,Forklift Certification,2025-07-24,82
E1283,IT-001,Information Security Awareness,2024-12-22,12
E1283,EHS-001,Safety Fundamentals,2025-07-24,64
E1283,HR-001,Anti-Harassment Training,2024-09-26,99
E1283,MFG-002,5S Workplace Organization,2024-01-19,95
E1283,HR-002,Code of Conduct,2025-08-19,4
E1283,FIN-001,Financial Compliance,2025-03-05,96
E1284,EHS-002,Forklift Certification,2025-03-11,78
E1284,FIN-001,Financial Compliance,2025-10-28,88
E1284,HR-002,Code of Conduct,2024-12-25,87
E1284,ENG-001,CAD Software Proficiency,2025-04-07,94
E1284,MFG-001,Lean Manufacturing Basics,2026-01-05,88
E1284,MFG-002,5S Workplace Organization,2026-04-04,95
E1284,IT-001,Information Security Awareness,2024-03-25,39
E1284,HR-001,Anti-Harassment Training,2026-01-16,12
E1284,QA-001,Quality Management System,2025-06-06,83
E1285,EHS-002,Forklift Certification,2024-02-06,89
E1285,IT-001,Information Security Awareness,2025-08-09,97
E1285,MFG-001,Lean Manufacturing Basics,2025-11-05,73
E1285,HR-001,Anti-Harassment Training,2026-04-02,46
E1286,MFG-002,5S Workplace Organization,2026-03-12,72
E1286,FIN-001,Financial Compliance,2026-04-17,89
E1286,HR-001,Anti-Harassment Training,2025-11-02,79
E1286,HR-002,Code of Conduct,2026-01-24,31
E1286,QA-001,Quality Management System,2026-05-01,74
E1286,IT-001,Information Security Awareness,2024-05-13,20
E1287,EHS-002,Forklift Certification,2025-11-18,89
E1287,HR-002,Code of Conduct,2024-02-06,93
E1287,MFG-002,5S Workplace Organization,2024-07-25,83
E1287,QA-001,Quality Management System,2024-07-11,69
E1287,ENG-001,CAD Software Proficiency,2025-06-20,90
E1287,EHS-001,Safety Fundamentals,2024-12-24,60
E1287,HR-001,Anti-Harassment Training,2024-05-15,4
E1287,FIN-001,Financial Compliance,2026-02-16,79
E1288,MFG-001,Lean Manufacturing Basics,2025-08-07,71
E1288,EHS-001,Safety Fundamentals,2024-01-25,87
E1288,MFG-002,5S Workplace Organization,2025-05-09,90
E1288,ENG-001,CAD Software Proficiency,2024-02-05,77
E1288,HR-001,Anti-Harassment Training,2025-07-03,38
E1289,MFG-002,5S Workplace Organization,2025-05-06,76
E1289,ENG-001,CAD Software Proficiency,2025-07-16,90
E1289,HR-002,Code of Conduct,2026-06-26,20
E1289,MFG-001,Lean Manufacturing Basics,2026-04-12,92
E1289,HR-001,Anti-Harassment Training,2026-04-27,1
E1289,EHS-002,Forklift Certification,2026-05-07,64
E1289,EHS-001,Safety Fundamentals,2026-06-19,78
E1289,QA-001,Quality Management System,2024-06-22,85
E1289,IT-001,Information Security Awareness,2024-03-15,18
E1290,MFG-001,Lean Manufacturing Basics,2026-05-04,71
E1290,EHS-002,Forklift Certification,2024-12-07,86
E1290,MFG-002,5S Workplace Organization,2026-05-25,75
E1290,HR-001,Anti-Harassment Training,2026-04-07,44
E1290,IT-001,Information Security Awareness,2024-04-22,73
E1290,EHS-001,Safety Fundamentals,2024-06-27,46
E1290,HR-002,Code of Conduct,2024-05-10,64
E1290,FIN-001,Financial Compliance,2024-12-16,95
E1290,ENG-001,CAD Software Proficiency,2025-07-14,86
E1291,ENG-001,CAD Software Proficiency,2025-03-18,94
E1291,MFG-002,5S Workplace Organization,2024-09-14,82
E1291,MFG-001,Lean Manufacturing Basics,2025-11-23,91
E1291,EHS-001,Safety Fundamentals,2025-11-10,89
E1291,EHS-002,Forklift Certification,2026-01-03,66
E1291,HR-002,Code of Conduct,2024-11-01,78
E1291,IT-001,Information Security Awareness,2025-02-16,95
E1292,EHS-002,Forklift Certification,2024-04-28,90
E1292,QA-001,Quality Management System,2024-06-26,94
E1292,EHS-001,Safety Fundamentals,2025-11-23,100
E1292,MFG-001,Lean Manufacturing Basics,2026-04-01,81
E1292,HR-001,Anti-Harassment Training,2024-09-10,34
E1292,HR-002,Code of Conduct,2026-03-10,53
E1292,FIN-001,Financial Compliance,2026-02-01,88
E1292,ENG-001,CAD Software Proficiency,2024-01-01,79
E1292,IT-001,Information Security Awareness,2025-09-27,94
E1292,MFG-002,5S Workplace Organization,2026-03-11,75
E1293,HR-002,Code of Conduct,2025-03-21,49
E1293,ENG-001,CAD Software Proficiency,2026-02-13,85
E1293,MFG-002,5S Workplace Organization,2026-02-14,77
E1293,EHS-002,Forklift Certification,2024-12-26,68
E1293,IT-001,Information Security Awareness,2026-01-21,73
E1293,FIN-001,Financial Compliance,2025-11-09,92
E1293,EHS-001,Safety Fundamentals,2024-06-07,11
E1293,HR-001,Anti-Harassment Training,2024-01-14,1
E1294,EHS-001,Safety Fundamentals,2025-01-24,93
E1294,ENG-001,CAD Software Proficiency,2024-08-21,95
E1294,EHS-002,Forklift Certification,2025-03-08,74
E1294,IT-001,Information Security Awareness,2025-04-18,31
E1295,IT-001,Information Security Awareness,2025-10-04,13
E1295,EHS-001,Safety Fundamentals,2024-05-09,23
E1295,FIN-001,Financial Compliance,2024-02-16,86
E1295,ENG-001,CAD Software Proficiency,2024-07-04,90
E1295,EHS-002,Forklift Certification,2024-07-03,91
E1295,MFG-002,5S Workplace Organization,2026-01-07,91
E1295,QA-001,Quality Management System,2025-07-11,93
E1295,HR-002,Code of Conduct,2024-03-10,1
E1296,FIN-001,Financial Compliance,2025-08-20,94
E1296,EHS-001,Safety Fundamentals,2026-01-06,66
E1296,EHS-002,Forklift Certification,2026-03-04,72
E1296,HR-001,Anti-Harassment Training,2026-01-18,2
E1297,ENG-001,CAD Software Proficiency,2024-02-24,97
E1297,HR-001,Anti-Harassment Training,2024-05-09,61
E1297,HR-002,Code of Conduct,2024-02-12,90
E1297,MFG-002,5S Workplace Organization,2026-06-10,84
E1297,FIN-001,Financial Compliance,2026-04-14,91
E1297,EHS-001,Safety Fundamentals,2025-04-09,22
E1297,EHS-002,Forklift Certification,2024-11-28,77
E1297,IT-001,Information Security Awareness,2025-02-19,98
E1297,QA-001,Quality Management System,2026-03-06,78
E1297,MFG-001,Lean Manufacturing Basics,2026-04-14,84
E1298,FIN-001,Financial Compliance,2024-10-12,86
E1298,IT-001,Information Security Awareness,2026-01-15,21
E1298,MFG-001,Lean Manufacturing Basics,2024-09-09,88
E1298,ENG-001,CAD Software Proficiency,2025-05-20,95
E1298,EHS-001,Safety Fundamentals,2026-03-13,3
E1298,MFG-002,5S Workplace Organization,2024-03-26,80
E1298,HR-002,Code of Conduct,2025-03-12,31
E1298,EHS-002,Forklift Certification,2024-04-22,83
E1299,HR-001,Anti-Harassment Training,2024-08-19,41
E1299,MFG-001,Lean Manufacturing Basics,2024-09-03,82
E1299,EHS-002,Forklift Certification,2025-10-07,93
E1299,EHS-001,Safety Fundamentals,2024-02-18,35
E1299,FIN-001,Financial Compliance,2026-05-26,96
E1299,MFG-002,5S Workplace Organization,2024-10-21,83
E1299,ENG-001,CAD Software Proficiency,2026-04-11,85
E1300,HR-002,Code of Conduct,2025-07-04,15
E1300,EHS-001,Safety Fundamentals,2025-03-20,41
E1300,QA-001,Quality Management System,2026-04-08,66
E1300,FIN-001,Financial Compliance,2025-01-21,100
E1300,ENG-001,CAD Software Proficiency,2026-01-15,84
E1301,MFG-002,5S Workplace Organization,2026-01-03,85
E1301,EHS-001,Safety Fundamentals,2024-07-24,38
E1301,ENG-001,CAD Software Proficiency,2025-06-25,86
E1301,HR-001,Anti-Harassment Training,2025-02-18,99
E1302,QA-001,Quality Management System,2026-01-27,88
E1302,EHS-001,Safety Fundamentals,2026-01-01,28
E1302,MFG-002,5S Workplace Organization,2024-01-05,73
E1302,HR-001,Anti-Harassment Training,2025-12-24,55
E1302,MFG-001,Lean Manufacturing Basics,2024-03-03,76
E1302,HR-002,Code of Conduct,2026-03-27,68
E1302,IT-001,Information Security Awareness,2024-12-28,6
E1303,EHS-001,Safety Fundamentals,2025-12-20,48
E1303,EHS-002,Forklift Certification,2025-12-06,68
E1303,FIN-001,Financial Compliance,2026-04-04,79
E1303,HR-001,Anti-Harassment Training,2025-03-25,74
E1303,QA-001,Quality Management System,2025-11-15,72
E1303,MFG-002,5S Workplace Organization,2026-05-08,88
E1304,QA-001,Quality Management System,2025-12-03,87
E1304,IT-001,Information Security Awareness,2026-02-22,82
E1304,MFG-001,Lean Manufacturing Basics,2026-02-23,72
E1304,MFG-002,5S Workplace Organization,2024-08-02,76
E1304,FIN-001,Financial Compliance,2024-11-07,89
E1304,HR-002,Code of Conduct,2025-04-16,13
E1304,EHS-002,Forklift Certification,2025-04-27,97
E1304,EHS-001,Safety Fundamentals,2026-05-28,40
E1304,ENG-001,CAD Software Proficiency,2025-12-15,95
E1305,ENG-001,CAD Software Proficiency,2025-07-15,94
E1305,EHS-002,Forklift Certification,2026-02-25,85
E1305,HR-001,Anti-Harassment Training,2024-02-09,54
E1305,FIN-001,Financial Compliance,2024-11-10,93
E1306,HR-001,Anti-Harassment Training,2026-01-08,2
E1306,QA-001,Quality Management System,2025-03-09,66
E1306,EHS-002,Forklift Certification,2025-11-17,88
E1307,IT-001,Information Security Awareness,2025-09-14,65
E1307,EHS-002,Forklift Certification,2025-01-15,77
E1307,ENG-001,CAD Software Proficiency,2025-02-02,95
E1307,HR-001,Anti-Harassment Training,2025-12-14,24
E1307,HR-002,Code of Conduct,2025-04-13,22
E1307,QA-001,Quality Management System,2026-03-17,96
E1307,FIN-001,Financial Compliance,2026-04-04,96
E1308,HR-002,Code of Conduct,2024-02-02,4
E1308,EHS-002,Forklift Certification,2026-03-08,64
E1309,EHS-002,Forklift Certification,2026-06-09,91
E1309,IT-001,Information Security Awareness,2024-03-26,26
E1309,HR-002,Code of Conduct,2025-11-10,90
E1309,ENG-001,CAD Software Proficiency,2026-03-24,75
E1309,MFG-001,Lean Manufacturing Basics,2024-03-17,92
E1309,QA-001,Quality Management System,2026-04-24,84
E1309,MFG-002,5S Workplace Organization,2026-02-06,80
E1309,FIN-001,Financial Compliance,2026-01-06,80
E1309,EHS-001,Safety Fundamentals,2025-08-05,1
E1309,HR-001,Anti-Harassment Training,2026-04-14,42
E1310,HR-001,Anti-Harassment Training,2024-03-22,97
E1310,IT-001,Information Security Awareness,2024-10-12,60
E1311,QA-001,Quality Management System,2025-02-02,66
E1311,HR-002,Code of Conduct,2026-06-10,29
E1312,ENG-001,CAD Software Proficiency,2025-12-12,92
E1312,HR-001,Anti-Harassment Training,2025-11-16,32
E1312,FIN-001,Financial Compliance,2025-08-01,86
E1312,MFG-002,5S Workplace Organization,2025-12-11,86
E1312,EHS-001,Safety Fundamentals,2026-05-16,14
E1312,MFG-001,Lean Manufacturing Basics,2025-11-17,93
E1312,QA-001,Quality Management System,2026-01-05,91
E1312,HR-002,Code of Conduct,2024-11-05,45
E1312,EHS-002,Forklift Certification,2025-01-08,96
E1312,IT-001,Information Security Awareness,2026-06-14,46
E1313,EHS-002,Forklift Certification,2025-11-22,94
E1313,HR-002,Code of Conduct,2025-09-06,33
E1313,MFG-002,5S Workplace Organization,2026-03-11,82
E1313,MFG-001,Lean Manufacturing Basics,2026-04-09,79
E1313,EHS-001,Safety Fundamentals,2024-01-19,66
E1314,FIN-001,Financial Compliance,2025-02-01,90
E1314,EHS-002,Forklift Certification,2026-02-15,69
E1314,MFG-002,5S Workplace Organization,2026-03-20,87
E1314,QA-001,Quality Management System,2026-02-10,96
E1314,HR-002,Code of Conduct,2025-02-26,37
E1314,IT-001,Information Security Awareness,2024-08-02,27
E1314,HR-001,Anti-Harassment Training,2025-10-04,6
E1315,IT-001,Information Security Awareness,2025-05-26,64
E1315,EHS-001,Safety Fundamentals,2026-05-05,11
E1315,MFG-002,5S Workplace Organization,2026-03-05,93
E1315,HR-001,Anti-Harassment Training,2024-07-19,10
E1315,MFG-001,Lean Manufacturing Basics,2025-04-02,85
E1315,ENG-001,CAD Software Proficiency,2025-04-26,96
E1315,FIN-001,Financial Compliance,2026-04-14,87
E1315,EHS-002,Forklift Certification,2024-05-10,98
E1315,HR-002,Code of Conduct,2025-03-19,55
E1316,FIN-001,Financial Compliance,2025-05-03,84
E1316,HR-001,Anti-Harassment Training,2026-06-15,69
E1316,HR-002,Code of Conduct,2024-07-26,55
E1316,ENG-001,CAD Software Proficiency,2024-03-17,89
E1316,EHS-002,Forklift Certification,2026-03-17,82
E1316,QA-001,Quality Management System,2025-06-14,94
E1316,MFG-001,Lean Manufacturing Basics,2025-07-15,70
E1317,EHS-001,Safety Fundamentals,2026-05-19,37
E1317,MFG-002,5S Workplace Organization,2024-07-05,82
E1317,EHS-002,Forklift Certification,2026-01-15,93
E1317,ENG-001,CAD Software Proficiency,2025-01-03,76
E1317,QA-001,Quality Management System,2025-11-04,86
E1317,IT-001,Information Security Awareness,2026-01-27,37
E1317,HR-001,Anti-Harassment Training,2026-04-23,42
E1317,FIN-001,Financial Compliance,2024-02-24,93
E1317,MFG-001,Lean Manufacturing Basics,2026-05-24,92
E1317,HR-002,Code of Conduct,2024-12-07,66
E1318,ENG-001,CAD Software Proficiency,2026-06-28,79
E1318,QA-001,Quality Management System,2025-11-10,65
E1318,HR-001,Anti-Harassment Training,2025-10-23,25
E1318,EHS-002,Forklift Certification,2024-02-01,69
E1319,ENG-001,CAD Software Proficiency,2024-02-16,75
E1319,EHS-002,Forklift Certification,2026-04-13,63
E1319,HR-002,Code of Conduct,2024-05-13,61
