WeekStart,WorkCenterID,SiteID,UnitsProduced,UnitsScrapped,ScrapPct,ScrapCostUSD
2025-01-06,WC-001,SITE-01,5306,111,2.1,6017.25
2025-01-13,WC-001,SITE-01,5997,117,1.96,2324.66
2025-01-20,WC-001,SITE-01,5201,134,2.59,3156.06
2025-01-27,WC-001,SITE-01,6286,137,2.18,7756.36
2025-02-03,WC-001,SITE-01,5844,149,2.56,3575.98
2025-02-10,WC-001,SITE-01,4310,111,2.59,3564.94
2025-02-17,WC-001,SITE-01,4805,123,2.58,4502.36
2025-02-24,WC-001,SITE-01,5797,144,2.49,4119.87
2025-03-03,WC-001,SITE-01,3346,79,2.37,3285.32
2025-03-10,WC-001,SITE-01,4402,109,2.49,3236.96
2025-03-17,WC-001,SITE-01,5073,128,2.54,5041.46
2025-03-24,WC-001,SITE-01,6376,134,2.11,2611.33
2025-03-31,WC-001,SITE-01,3327,70,2.12,3209.98
2025-04-07,WC-001,SITE-01,4368,88,2.03,3859.94
2025-04-14,WC-001,SITE-01,5107,108,2.12,2085.18
2025-04-21,WC-001,SITE-01,3868,75,1.96,3454.04
2025-04-28,WC-001,SITE-01,5751,112,1.95,6572.85
2025-05-05,WC-001,SITE-01,3246,73,2.26,3058.9
2025-05-12,WC-001,SITE-01,4188,92,2.21,5448.86
2025-05-19,WC-001,SITE-01,5401,123,2.28,6320.59
2025-05-26,WC-001,SITE-01,5360,107,2.0,4226.9
2025-06-02,WC-001,SITE-01,6006,123,2.05,4372.18
2025-06-09,WC-001,SITE-01,3619,91,2.52,1971.02
2025-06-16,WC-001,SITE-01,3250,80,2.47,4098.25
2025-06-23,WC-001,SITE-01,6758,150,2.23,3599.87
2025-06-30,WC-001,SITE-01,6254,140,2.25,4360.16
2025-07-07,WC-001,SITE-01,4243,101,2.39,5238.95
2025-07-14,WC-001,SITE-01,5281,133,2.52,2628.47
2025-07-21,WC-001,SITE-01,3581,73,2.06,2943.56
2025-07-28,WC-001,SITE-01,4038,99,2.47,4677.0
2025-08-04,WC-001,SITE-01,5365,127,2.37,6956.95
2025-08-11,WC-001,SITE-01,4529,105,2.32,4093.52
2025-08-18,WC-001,SITE-01,6855,155,2.27,5784.8
2025-08-25,WC-001,SITE-01,4146,80,1.93,3791.81
2025-09-01,WC-001,SITE-01,3583,70,1.96,3423.42
2025-09-08,WC-001,SITE-01,3850,78,2.05,4047.88
2025-09-15,WC-001,SITE-01,3751,84,2.25,1564.49
2025-09-22,WC-001,SITE-01,5673,128,2.26,4785.56
2025-09-29,WC-001,SITE-01,5054,115,2.29,6526.66
2025-10-06,WC-001,SITE-01,3856,97,2.53,3776.73
2025-10-13,WC-001,SITE-01,3001,58,1.95,1899.91
2025-10-20,WC-001,SITE-01,4066,91,2.25,3058.82
2025-10-27,WC-001,SITE-01,4818,100,2.08,2659.78
2025-11-03,WC-001,SITE-01,5608,109,1.95,4977.68
2025-11-10,WC-001,SITE-01,6036,150,2.5,5213.5
2025-11-17,WC-001,SITE-01,6094,130,2.14,3366.65
2025-11-24,WC-001,SITE-01,3981,90,2.27,2714.82
2025-12-01,WC-001,SITE-01,4213,102,2.43,3631.7
2025-12-08,WC-001,SITE-01,4155,82,1.98,2355.15
2025-12-15,WC-001,SITE-01,6274,151,2.41,3153.19
2025-12-22,WC-001,SITE-01,5416,126,2.34,3554.42
2025-12-29,WC-001,SITE-01,3647,86,2.38,1818.12
2026-01-05,WC-001,SITE-01,2730,67,2.47,3623.38
2026-01-12,WC-001,SITE-01,2910,61,2.1,2921.45
2026-01-19,WC-001,SITE-01,5985,132,2.22,2378.34
2026-01-26,WC-001,SITE-01,3576,91,2.55,5171.11
2026-02-02,WC-001,SITE-01,3195,66,2.09,1477.77
2026-02-09,WC-001,SITE-01,5876,130,2.22,7512.08
2026-02-16,WC-001,SITE-01,5143,124,2.43,6909.42
2026-02-23,WC-001,SITE-01,4546,99,2.19,3990.91
2026-03-02,WC-001,SITE-01,5824,113,1.95,4870.62
2026-03-09,WC-001,SITE-01,5662,110,1.95,3819.52
2026-03-16,WC-001,SITE-01,5729,139,2.44,7991.78
2026-03-23,WC-001,SITE-01,6087,155,2.56,8496.91
2026-03-30,WC-001,SITE-01,3834,95,2.48,1976.69
2026-04-06,WC-001,SITE-01,5582,111,2.0,4559.75
2026-04-13,WC-001,SITE-01,5704,129,2.27,4560.13
2026-04-20,WC-001,SITE-01,5521,107,1.95,3110.59
2026-04-27,WC-001,SITE-01,5012,98,1.96,5233.55
2026-05-04,WC-001,SITE-01,4037,101,2.52,4963.52
2026-05-11,WC-001,SITE-01,3895,83,2.14,2274.94
2026-05-18,WC-001,SITE-01,6185,134,2.17,6686.9
2026-05-25,WC-001,SITE-01,3979,79,1.99,4450.1
2026-06-01,WC-001,SITE-01,6148,143,2.33,7663.2
2026-06-08,WC-001,SITE-01,5246,104,2.0,5401.15
2026-06-15,WC-001,SITE-01,4009,98,2.46,3924.21
2026-06-22,WC-001,SITE-01,3086,61,1.98,2978.13
2026-06-29,WC-001,SITE-01,6206,134,2.17,4951.97
2026-07-06,WC-001,SITE-01,5897,129,2.19,2524.65
2025-01-06,WC-002,SITE-01,3369,93,2.78,3178.99
2025-01-13,WC-002,SITE-01,4326,96,2.23,1853.22
2025-01-20,WC-002,SITE-01,4890,132,2.7,5681.08
2025-01-27,WC-002,SITE-01,5232,121,2.33,2465.44
2025-02-03,WC-002,SITE-01,4980,116,2.33,2444.5
2025-02-10,WC-002,SITE-01,3510,90,2.59,2106.55
2025-02-17,WC-002,SITE-01,3059,74,2.42,4432.61
2025-02-24,WC-002,SITE-01,3760,93,2.48,1714.65
2025-03-03,WC-002,SITE-01,4477,122,2.73,2451.64
2025-03-10,WC-002,SITE-01,2948,74,2.53,3425.77
2025-03-17,WC-002,SITE-01,2420,69,2.87,2993.52
2025-03-24,WC-002,SITE-01,4244,106,2.52,2476.72
2025-03-31,WC-002,SITE-01,4877,110,2.26,5171.72
2025-04-07,WC-002,SITE-01,3469,94,2.72,3249.08
2025-04-14,WC-002,SITE-01,4908,135,2.77,3537.7
2025-04-21,WC-002,SITE-01,4498,107,2.39,5289.94
2025-04-28,WC-002,SITE-01,3744,95,2.56,2096.92
2025-05-05,WC-002,SITE-01,3405,75,2.21,4229.63
2025-05-12,WC-002,SITE-01,4163,100,2.41,5676.55
2025-05-19,WC-002,SITE-01,3055,80,2.62,2549.1
2025-05-26,WC-002,SITE-01,2720,78,2.88,4244.99
2025-06-02,WC-002,SITE-01,2687,73,2.73,3043.55
2025-06-09,WC-002,SITE-01,4175,102,2.45,4067.9
2025-06-16,WC-002,SITE-01,3383,88,2.63,3447.82
2025-06-23,WC-002,SITE-01,2788,81,2.91,3219.89
2025-06-30,WC-002,SITE-01,5240,117,2.25,6619.02
2025-07-07,WC-002,SITE-01,2999,69,2.31,2002.55
2025-07-14,WC-002,SITE-01,3687,99,2.69,3712.34
2025-07-21,WC-002,SITE-01,3757,97,2.59,2744.85
2025-07-28,WC-002,SITE-01,3545,103,2.91,5601.13
2025-08-04,WC-002,SITE-01,3801,100,2.64,4504.79
2025-08-11,WC-002,SITE-01,3737,108,2.9,3972.7
2025-08-18,WC-002,SITE-01,3448,97,2.83,2777.49
2025-08-25,WC-002,SITE-01,2818,80,2.87,4130.86
2025-09-01,WC-002,SITE-01,4610,122,2.66,6803.26
2025-09-08,WC-002,SITE-01,2969,84,2.85,2983.39
2025-09-15,WC-002,SITE-01,3919,100,2.57,2360.09
2025-09-22,WC-002,SITE-01,3753,82,2.21,2427.18
2025-09-29,WC-002,SITE-01,2693,66,2.47,2520.12
2025-10-06,WC-002,SITE-01,4320,127,2.94,6361.37
2025-10-13,WC-002,SITE-01,4602,110,2.41,2749.23
2025-10-20,WC-002,SITE-01,3057,84,2.75,1612.05
2025-10-27,WC-002,SITE-01,2954,84,2.86,4444.1
2025-11-03,WC-002,SITE-01,2766,73,2.64,1759.5
2025-11-10,WC-002,SITE-01,3445,97,2.82,5625.79
2025-11-17,WC-002,SITE-01,4288,126,2.94,5657.9
2025-11-24,WC-002,SITE-01,4751,129,2.72,3861.09
2025-12-01,WC-002,SITE-01,3560,90,2.54,4716.02
2025-12-08,WC-002,SITE-01,3225,79,2.45,2492.1
2025-12-15,WC-002,SITE-01,2806,70,2.51,3305.78
2025-12-22,WC-002,SITE-01,4508,105,2.33,3481.43
2025-12-29,WC-002,SITE-01,2830,79,2.8,4279.02
2026-01-05,WC-002,SITE-01,2618,63,2.42,1387.72
2026-01-12,WC-002,SITE-01,3833,104,2.73,4740.51
2026-01-19,WC-002,SITE-01,2287,72,3.16,2013.9
2026-01-26,WC-002,SITE-01,4856,133,2.75,4091.02
2026-02-02,WC-002,SITE-01,4248,117,2.77,5908.98
2026-02-09,WC-002,SITE-01,4663,139,2.99,5821.47
2026-02-16,WC-002,SITE-01,3514,101,2.9,6023.26
2026-02-23,WC-002,SITE-01,4590,137,3.0,7123.22
2026-03-02,WC-002,SITE-01,3030,103,3.43,3442.42
2026-03-09,WC-002,SITE-01,2197,78,3.59,1905.3
2026-03-16,WC-002,SITE-01,2518,98,3.92,4201.07
2026-03-23,WC-002,SITE-01,3886,155,4.0,6510.06
2026-03-30,WC-002,SITE-01,3988,137,3.45,3457.04
2026-04-06,WC-002,SITE-01,3801,151,3.99,4370.28
2026-04-13,WC-002,SITE-01,3450,122,3.54,3014.7
2026-04-20,WC-002,SITE-01,3036,120,3.98,6680.39
2026-04-27,WC-002,SITE-01,2717,104,3.84,6097.35
2026-05-04,WC-002,SITE-01,4312,183,4.26,6530.16
2026-05-11,WC-002,SITE-01,4309,194,4.51,9368.37
2026-05-18,WC-002,SITE-01,4852,206,4.26,12164.29
2026-05-25,WC-002,SITE-01,3807,156,4.11,8059.6
2026-06-01,WC-002,SITE-01,4412,190,4.32,10954.88
2026-06-08,WC-002,SITE-01,3580,163,4.57,8717.53
2026-06-15,WC-002,SITE-01,2420,111,4.62,2220.49
2026-06-22,WC-002,SITE-01,2583,127,4.95,3030.95
2026-06-29,WC-002,SITE-01,2750,131,4.77,6959.57
2026-07-06,WC-002,SITE-01,3356,178,5.33,10167.04
2025-01-06,WC-003,SITE-01,6141,92,1.5,1788.28
2025-01-13,WC-003,SITE-01,5240,78,1.49,3474.98
2025-01-20,WC-003,SITE-01,7181,101,1.41,5939.19
2025-01-27,WC-003,SITE-01,3959,46,1.17,881.88
2025-02-03,WC-003,SITE-01,5118,67,1.32,2667.09
2025-02-10,WC-003,SITE-01,8190,113,1.38,4984.41
2025-02-17,WC-003,SITE-01,4109,62,1.51,1820.85
2025-02-24,WC-003,SITE-01,5253,60,1.16,3487.96
2025-03-03,WC-003,SITE-01,4248,56,1.33,2408.97
2025-03-10,WC-003,SITE-01,6702,88,1.32,4741.76
2025-03-17,WC-003,SITE-01,3647,52,1.43,1489.96
2025-03-24,WC-003,SITE-01,7477,89,1.2,3449.27
2025-03-31,WC-003,SITE-01,3721,46,1.24,1557.57
2025-04-07,WC-003,SITE-01,8508,119,1.4,4287.37
2025-04-14,WC-003,SITE-01,7610,100,1.32,3032.23
2025-04-21,WC-003,SITE-01,6619,93,1.41,1769.62
2025-04-28,WC-003,SITE-01,5377,80,1.5,3904.7
2025-05-05,WC-003,SITE-01,5746,88,1.54,4207.45
2025-05-12,WC-003,SITE-01,4108,51,1.26,2825.42
2025-05-19,WC-003,SITE-01,4623,60,1.3,2050.07
2025-05-26,WC-003,SITE-01,5440,82,1.52,2143.9
2025-06-02,WC-003,SITE-01,7728,106,1.38,5616.07
2025-06-09,WC-003,SITE-01,3687,53,1.46,1018.07
2025-06-16,WC-003,SITE-01,4988,72,1.46,3202.09
2025-06-23,WC-003,SITE-01,5926,89,1.51,2447.98
2025-06-30,WC-003,SITE-01,4344,61,1.41,3073.01
2025-07-07,WC-003,SITE-01,3703,49,1.33,2390.08
2025-07-14,WC-003,SITE-01,9067,116,1.29,3423.44
2025-07-21,WC-003,SITE-01,7897,94,1.2,3851.2
2025-07-28,WC-003,SITE-01,7209,88,1.23,2091.7
2025-08-04,WC-003,SITE-01,7215,112,1.56,6574.84
2025-08-11,WC-003,SITE-01,5441,74,1.37,4272.98
2025-08-18,WC-003,SITE-01,6603,87,1.33,1779.18
2025-08-25,WC-003,SITE-01,5302,74,1.41,1978.92
2025-09-01,WC-003,SITE-01,7385,93,1.27,3904.85
2025-09-08,WC-003,SITE-01,6836,101,1.48,3196.66
2025-09-15,WC-003,SITE-01,4207,61,1.47,1580.48
2025-09-22,WC-003,SITE-01,4456,66,1.49,1870.99
2025-09-29,WC-003,SITE-01,4719,70,1.5,3008.72
2025-10-06,WC-003,SITE-01,4250,51,1.2,1627.67
2025-10-13,WC-003,SITE-01,4361,67,1.54,1593.24
2025-10-20,WC-003,SITE-01,3565,46,1.31,1962.55
2025-10-27,WC-003,SITE-01,6772,92,1.37,1969.8
2025-11-03,WC-003,SITE-01,5486,65,1.2,2129.24
2025-11-10,WC-003,SITE-01,6857,93,1.37,3491.38
2025-11-17,WC-003,SITE-01,5063,77,1.53,4353.36
2025-11-24,WC-003,SITE-01,3525,48,1.37,2487.5
2025-12-01,WC-003,SITE-01,5229,72,1.39,3825.04
2025-12-08,WC-003,SITE-01,8054,124,1.55,4825.82
2025-12-15,WC-003,SITE-01,5765,81,1.42,2645.28
2025-12-22,WC-003,SITE-01,6950,102,1.48,4330.95
2025-12-29,WC-003,SITE-01,8157,119,1.46,4791.09
2026-01-05,WC-003,SITE-01,8361,112,1.35,4623.14
2026-01-12,WC-003,SITE-01,6470,79,1.23,2184.56
2026-01-19,WC-003,SITE-01,4405,58,1.32,2014.9
2026-01-26,WC-003,SITE-01,3938,56,1.43,1911.68
2026-02-02,WC-003,SITE-01,8665,114,1.32,6103.39
2026-02-09,WC-003,SITE-01,6734,83,1.24,1644.62
2026-02-16,WC-003,SITE-01,7969,116,1.46,5222.26
2026-02-23,WC-003,SITE-01,4267,50,1.19,1715.91
2026-03-02,WC-003,SITE-01,7008,103,1.48,2558.49
2026-03-09,WC-003,SITE-01,5878,80,1.37,3580.51
2026-03-16,WC-003,SITE-01,5659,71,1.27,1827.02
2026-03-23,WC-003,SITE-01,6860,83,1.21,3134.56
2026-03-30,WC-003,SITE-01,5152,75,1.47,1904.36
2026-04-06,WC-003,SITE-01,4759,55,1.17,1268.85
2026-04-13,WC-003,SITE-01,5259,70,1.34,2249.65
2026-04-20,WC-003,SITE-01,6250,91,1.46,3965.87
2026-04-27,WC-003,SITE-01,6367,85,1.35,1881.09
2026-05-04,WC-003,SITE-01,8264,121,1.47,6800.58
2026-05-11,WC-003,SITE-01,6351,81,1.29,1804.49
2026-05-18,WC-003,SITE-01,5481,76,1.4,3097.95
2026-05-25,WC-003,SITE-01,5602,81,1.46,3070.39
2026-06-01,WC-003,SITE-01,8077,98,1.22,5263.45
2026-06-08,WC-003,SITE-01,5760,67,1.17,3855.68
2026-06-15,WC-003,SITE-01,5768,87,1.52,3990.17
2026-06-22,WC-003,SITE-01,4216,55,1.32,3229.42
2026-06-29,WC-003,SITE-01,5635,73,1.3,3766.5
2026-07-06,WC-003,SITE-01,5835,86,1.49,1961.07
2025-01-06,WC-004,SITE-02,6241,193,3.1,8948.63
2025-01-13,WC-004,SITE-02,6344,182,2.87,10163.54
2025-01-20,WC-004,SITE-02,4335,127,2.94,7237.92
2025-01-27,WC-004,SITE-02,3747,98,2.64,4335.78
2025-02-03,WC-004,SITE-02,5960,185,3.11,5945.24
2025-02-10,WC-004,SITE-02,6594,164,2.49,8150.9
2025-02-17,WC-004,SITE-02,4379,113,2.6,2291.99
2025-02-24,WC-004,SITE-02,5989,174,2.92,4835.45
2025-03-03,WC-004,SITE-02,6807,179,2.64,7037.2
2025-03-10,WC-004,SITE-02,5793,158,2.74,5530.17
2025-03-17,WC-004,SITE-02,5106,133,2.61,7054.65
2025-03-24,WC-004,SITE-02,7020,193,2.75,8064.17
2025-03-31,WC-004,SITE-02,5726,143,2.5,8406.2
2025-04-07,WC-004,SITE-02,6368,163,2.56,3059.27
2025-04-14,WC-004,SITE-02,4010,112,2.8,2098.82
2025-04-21,WC-004,SITE-02,4612,112,2.44,4748.11
2025-04-28,WC-004,SITE-02,6921,193,2.79,11056.93
2025-05-05,WC-004,SITE-02,4630,121,2.63,7219.43
2025-05-12,WC-004,SITE-02,7268,216,2.98,11453.11
2025-05-19,WC-004,SITE-02,3777,104,2.77,4090.65
2025-05-26,WC-004,SITE-02,6222,162,2.61,7200.02
2025-06-02,WC-004,SITE-02,4642,134,2.9,6426.89
2025-06-09,WC-004,SITE-02,5370,144,2.69,8244.93
2025-06-16,WC-004,SITE-02,4969,135,2.72,4367.71
2025-06-23,WC-004,SITE-02,5603,140,2.51,4548.77
2025-06-30,WC-004,SITE-02,8351,237,2.84,13109.07
2025-07-07,WC-004,SITE-02,6819,204,3.0,5295.65
2025-07-14,WC-004,SITE-02,7243,204,2.82,7942.7
2025-07-21,WC-004,SITE-02,5173,155,3.01,3216.82
2025-07-28,WC-004,SITE-02,3789,101,2.69,3704.67
2025-08-04,WC-004,SITE-02,5569,170,3.07,7878.61
2025-08-11,WC-004,SITE-02,5249,148,2.83,4068.17
2025-08-18,WC-004,SITE-02,3667,101,2.78,2981.71
2025-08-25,WC-004,SITE-02,3482,90,2.61,2954.02
2025-09-01,WC-004,SITE-02,6677,173,2.6,3295.0
2025-09-08,WC-004,SITE-02,5475,171,3.13,8767.99
2025-09-15,WC-004,SITE-02,4085,104,2.56,5370.7
2025-09-22,WC-004,SITE-02,7351,189,2.58,9992.44
2025-09-29,WC-004,SITE-02,5107,124,2.43,2766.33
2025-10-06,WC-004,SITE-02,5448,169,3.11,6460.45
2025-10-13,WC-004,SITE-02,5864,166,2.84,6667.96
2025-10-20,WC-004,SITE-02,5802,140,2.43,7770.64
2025-10-27,WC-004,SITE-02,4808,120,2.51,6279.56
2025-11-03,WC-004,SITE-02,4768,130,2.73,6065.16
2025-11-10,WC-004,SITE-02,3613,88,2.45,3951.97
2025-11-17,WC-004,SITE-02,5823,141,2.43,7449.96
2025-11-24,WC-004,SITE-02,3684,86,2.36,4742.99
2025-12-01,WC-004,SITE-02,7161,215,3.01,5083.42
2025-12-08,WC-004,SITE-02,4529,131,2.91,4472.32
2025-12-15,WC-004,SITE-02,5546,165,2.99,4288.05
2025-12-22,WC-004,SITE-02,4102,109,2.68,2640.08
2025-12-29,WC-004,SITE-02,4487,114,2.55,6735.62
2026-01-05,WC-004,SITE-02,4572,128,2.82,4144.36
2026-01-12,WC-004,SITE-02,3485,83,2.41,1731.66
2026-01-19,WC-004,SITE-02,5065,132,2.61,7241.41
2026-01-26,WC-004,SITE-02,6501,203,3.13,6703.82
2026-02-02,WC-004,SITE-02,4831,136,2.83,2744.01
2026-02-09,WC-004,SITE-02,5473,142,2.6,4811.45
2026-02-16,WC-004,SITE-02,6051,174,2.89,8287.67
2026-02-23,WC-004,SITE-02,5752,140,2.45,4133.15
2026-03-02,WC-004,SITE-02,3437,104,3.03,3479.23
2026-03-09,WC-004,SITE-02,5758,166,2.89,7101.68
2026-03-16,WC-004,SITE-02,4407,110,2.5,5286.4
2026-03-23,WC-004,SITE-02,6045,178,2.95,3459.96
2026-03-30,WC-004,SITE-02,7062,217,3.08,4811.85
2026-04-06,WC-004,SITE-02,4501,110,2.46,4872.87
2026-04-13,WC-004,SITE-02,6322,167,2.65,9981.31
2026-04-20,WC-004,SITE-02,3810,114,3.01,3113.09
2026-04-27,WC-004,SITE-02,6034,177,2.94,9449.02
2026-05-04,WC-004,SITE-02,5596,164,2.94,6130.68
2026-05-11,WC-004,SITE-02,7485,205,2.75,9713.9
2026-05-18,WC-004,SITE-02,7014,217,3.1,11638.4
2026-05-25,WC-004,SITE-02,3518,104,2.98,2586.7
2026-06-01,WC-004,SITE-02,6598,183,2.78,5896.65
2026-06-08,WC-004,SITE-02,7303,220,3.02,11656.54
2026-06-15,WC-004,SITE-02,7575,206,2.72,10890.84
2026-06-22,WC-004,SITE-02,4706,118,2.51,6982.74
2026-06-29,WC-004,SITE-02,5646,145,2.57,3945.51
2026-07-06,WC-004,SITE-02,5583,156,2.81,8363.19
2025-01-06,WC-005,SITE-02,4443,103,2.32,2107.4
2025-01-13,WC-005,SITE-02,3738,84,2.25,4430.15
2025-01-20,WC-005,SITE-02,6920,202,2.92,11160.89
2025-01-27,WC-005,SITE-02,6927,202,2.93,6557.61
2025-02-03,WC-005,SITE-02,4511,129,2.86,5951.43
2025-02-10,WC-005,SITE-02,4578,120,2.64,2913.42
2025-02-17,WC-005,SITE-02,3736,100,2.69,2010.47
2025-02-24,WC-005,SITE-02,7006,173,2.48,4160.12
2025-03-03,WC-005,SITE-02,4689,124,2.66,4941.68
2025-03-10,WC-005,SITE-02,4260,123,2.9,6631.71
2025-03-17,WC-005,SITE-02,6703,164,2.45,5344.26
2025-03-24,WC-005,SITE-02,6743,183,2.72,3947.58
2025-03-31,WC-005,SITE-02,3303,84,2.57,2714.21
2025-04-07,WC-005,SITE-02,4191,121,2.89,4677.15
2025-04-14,WC-005,SITE-02,6494,179,2.77,10256.07
2025-04-21,WC-005,SITE-02,7128,207,2.91,9610.06
2025-04-28,WC-005,SITE-02,3620,85,2.36,3175.41
2025-05-05,WC-005,SITE-02,3869,110,2.85,5847.66
2025-05-12,WC-005,SITE-02,5822,159,2.74,7010.79
2025-05-19,WC-005,SITE-02,5729,160,2.8,5920.31
2025-05-26,WC-005,SITE-02,5881,171,2.91,7226.86
2025-06-02,WC-005,SITE-02,6133,178,2.91,4281.17
2025-06-09,WC-005,SITE-02,6940,174,2.51,4307.05
2025-06-16,WC-005,SITE-02,7286,203,2.79,9574.36
2025-06-23,WC-005,SITE-02,6543,143,2.19,3646.64
2025-06-30,WC-005,SITE-02,6248,182,2.92,8962.68
2025-07-07,WC-005,SITE-02,7981,215,2.7,7087.96
2025-07-14,WC-005,SITE-02,3642,81,2.24,4222.07
2025-07-21,WC-005,SITE-02,4853,107,2.22,4839.5
2025-07-28,WC-005,SITE-02,6838,175,2.57,7940.22
2025-08-04,WC-005,SITE-02,4035,107,2.66,6345.7
2025-08-11,WC-005,SITE-02,7705,179,2.33,8013.54
2025-08-18,WC-005,SITE-02,6766,159,2.36,3133.7
2025-08-25,WC-005,SITE-02,6590,159,2.42,5603.63
2025-09-01,WC-005,SITE-02,4970,112,2.27,6269.68
2025-09-08,WC-005,SITE-02,3662,93,2.55,4648.85
2025-09-15,WC-005,SITE-02,7518,196,2.62,7546.84
2025-09-22,WC-005,SITE-02,5371,120,2.25,6117.17
2025-09-29,WC-005,SITE-02,6239,152,2.44,7957.69
2025-10-06,WC-005,SITE-02,5422,153,2.84,6344.74
2025-10-13,WC-005,SITE-02,7981,177,2.22,7428.4
2025-10-20,WC-005,SITE-02,3768,108,2.87,5734.98
2025-10-27,WC-005,SITE-02,7039,185,2.63,6663.08
2025-11-03,WC-005,SITE-02,3451,89,2.6,4894.08
2025-11-10,WC-005,SITE-02,6112,135,2.21,4764.86
2025-11-17,WC-005,SITE-02,7209,175,2.43,5043.75
2025-11-24,WC-005,SITE-02,5592,148,2.66,7646.43
2025-12-01,WC-005,SITE-02,6275,161,2.58,7613.97
2025-12-08,WC-005,SITE-02,3346,86,2.59,5048.66
2025-12-15,WC-005,SITE-02,7267,182,2.51,6521.28
2025-12-22,WC-005,SITE-02,5436,151,2.79,3735.89
2025-12-29,WC-005,SITE-02,7457,190,2.56,10637.71
2026-01-05,WC-005,SITE-02,7538,208,2.77,11485.03
2026-01-12,WC-005,SITE-02,4125,94,2.3,2065.77
2026-01-19,WC-005,SITE-02,3588,83,2.33,4041.66
2026-01-26,WC-005,SITE-02,6302,172,2.74,3337.64
2026-02-02,WC-005,SITE-02,7066,174,2.47,7894.91
2026-02-09,WC-005,SITE-02,4208,112,2.68,6234.68
2026-02-16,WC-005,SITE-02,6853,195,2.85,4319.08
2026-02-23,WC-005,SITE-02,5076,128,2.54,6820.01
2026-03-02,WC-005,SITE-02,6289,157,2.51,6327.77
2026-03-09,WC-005,SITE-02,4089,108,2.65,5414.18
2026-03-16,WC-005,SITE-02,6246,148,2.37,6786.7
2026-03-23,WC-005,SITE-02,7187,186,2.6,8732.53
2026-03-30,WC-005,SITE-02,5044,122,2.43,3939.77
2026-04-06,WC-005,SITE-02,4232,93,2.21,5076.39
2026-04-13,WC-005,SITE-02,4268,118,2.78,5512.23
2026-04-20,WC-005,SITE-02,6281,175,2.79,7803.64
2026-04-27,WC-005,SITE-02,5978,150,2.51,8712.64
2026-05-04,WC-005,SITE-02,4694,128,2.73,4392.12
2026-05-11,WC-005,SITE-02,5997,130,2.18,7569.42
2026-05-18,WC-005,SITE-02,4563,104,2.29,1963.29
2026-05-25,WC-005,SITE-02,7391,180,2.44,6975.48
2026-06-01,WC-005,SITE-02,7446,171,2.3,4592.53
2026-06-08,WC-005,SITE-02,3855,93,2.43,3789.52
2026-06-15,WC-005,SITE-02,6313,138,2.19,6086.17
2026-06-22,WC-005,SITE-02,6243,164,2.64,3953.44
2026-06-29,WC-005,SITE-02,3910,96,2.47,3168.72
2026-07-06,WC-005,SITE-02,5904,159,2.71,3049.82
2025-01-06,WC-006,SITE-02,3367,58,1.74,2356.47
2025-01-13,WC-006,SITE-02,3108,59,1.93,1592.73
2025-01-20,WC-006,SITE-02,2641,55,2.11,3046.43
2025-01-27,WC-006,SITE-02,3645,75,2.08,2249.44
2025-02-03,WC-006,SITE-02,4474,88,1.97,4582.64
2025-02-10,WC-006,SITE-02,4790,94,1.98,2475.4
2025-02-17,WC-006,SITE-02,3137,64,2.05,3000.47
2025-02-24,WC-006,SITE-02,3781,66,1.77,3327.41
2025-03-03,WC-006,SITE-02,4312,77,1.8,2521.95
2025-03-10,WC-006,SITE-02,4611,89,1.95,4140.8
2025-03-17,WC-006,SITE-02,3440,72,2.1,3523.32
2025-03-24,WC-006,SITE-02,4299,88,2.05,5046.09
2025-03-31,WC-006,SITE-02,4582,94,2.07,4801.39
2025-04-07,WC-006,SITE-02,2982,64,2.15,1234.24
2025-04-14,WC-006,SITE-02,2887,51,1.78,1815.83
2025-04-21,WC-006,SITE-02,3911,76,1.95,1827.54
2025-04-28,WC-006,SITE-02,3300,63,1.93,2122.22
2025-05-05,WC-006,SITE-02,3048,52,1.72,2756.39
2025-05-12,WC-006,SITE-02,4335,71,1.64,3418.91
2025-05-19,WC-006,SITE-02,4189,72,1.73,2323.81
2025-05-26,WC-006,SITE-02,4588,83,1.81,4434.41
2025-06-02,WC-006,SITE-02,3286,65,2.0,3477.2
2025-06-09,WC-006,SITE-02,2919,54,1.85,2461.22
2025-06-16,WC-006,SITE-02,5487,114,2.09,4351.88
2025-06-23,WC-006,SITE-02,2062,35,1.71,1419.4
2025-06-30,WC-006,SITE-02,4806,80,1.67,4367.74
2025-07-07,WC-006,SITE-02,4475,92,2.07,5354.32
2025-07-14,WC-006,SITE-02,3079,50,1.65,1649.94
2025-07-21,WC-006,SITE-02,4592,77,1.69,1498.14
2025-07-28,WC-006,SITE-02,4502,77,1.72,3792.92
2025-08-04,WC-006,SITE-02,3360,73,2.2,3764.92
2025-08-11,WC-006,SITE-02,3044,60,1.99,3501.97
2025-08-18,WC-006,SITE-02,4130,80,1.94,2956.78
2025-08-25,WC-006,SITE-02,4335,90,2.08,3897.95
2025-09-01,WC-006,SITE-02,4276,84,1.97,2972.94
2025-09-08,WC-006,SITE-02,3955,70,1.79,1462.56
2025-09-15,WC-006,SITE-02,2571,52,2.03,1032.03
2025-09-22,WC-006,SITE-02,3430,61,1.8,2075.12
2025-09-29,WC-006,SITE-02,4861,98,2.03,4932.23
2025-10-06,WC-006,SITE-02,4507,87,1.95,3000.64
2025-10-13,WC-006,SITE-02,3128,65,2.08,3195.07
2025-10-20,WC-006,SITE-02,2921,51,1.78,2653.87
2025-10-27,WC-006,SITE-02,3147,58,1.86,2570.37
2025-11-03,WC-006,SITE-02,4354,83,1.92,1495.26
2025-11-10,WC-006,SITE-02,4189,89,2.14,2041.29
2025-11-17,WC-006,SITE-02,4928,81,1.65,4553.81
2025-11-24,WC-006,SITE-02,2646,44,1.68,875.47
2025-12-01,WC-006,SITE-02,2673,47,1.78,1960.31
2025-12-08,WC-006,SITE-02,4463,78,1.77,4575.85
2025-12-15,WC-006,SITE-02,2786,58,2.11,1402.24
2025-12-22,WC-006,SITE-02,4086,76,1.87,2719.57
2025-12-29,WC-006,SITE-02,4457,79,1.78,2307.32
2026-01-05,WC-006,SITE-02,3949,66,1.68,3136.06
2026-01-12,WC-006,SITE-02,3773,70,1.87,1686.85
2026-01-19,WC-006,SITE-02,2823,58,2.06,2583.71
2026-01-26,WC-006,SITE-02,2921,63,2.17,2452.92
2026-02-02,WC-006,SITE-02,2456,42,1.74,838.38
2026-02-09,WC-006,SITE-02,3682,68,1.85,2576.81
2026-02-16,WC-006,SITE-02,2584,51,1.98,1900.67
2026-02-23,WC-006,SITE-02,5221,103,1.99,5135.3
2026-03-02,WC-006,SITE-02,5224,112,2.16,4712.4
2026-03-09,WC-006,SITE-02,2583,51,1.99,1261.14
2026-03-16,WC-006,SITE-02,5025,91,1.82,3259.4
2026-03-23,WC-006,SITE-02,3702,81,2.19,3682.66
2026-03-30,WC-006,SITE-02,4389,84,1.93,4493.61
2026-04-06,WC-006,SITE-02,3087,50,1.64,2903.6
2026-04-13,WC-006,SITE-02,4631,87,1.9,3911.07
2026-04-20,WC-006,SITE-02,3832,81,2.12,4046.63
2026-04-27,WC-006,SITE-02,3087,56,1.83,3178.09
2026-05-04,WC-006,SITE-02,3660,61,1.69,3516.8
2026-05-11,WC-006,SITE-02,4379,95,2.19,2919.1
2026-05-18,WC-006,SITE-02,4100,86,2.1,4851.2
2026-05-25,WC-006,SITE-02,3432,68,2.01,3127.34
2026-06-01,WC-006,SITE-02,3260,64,1.98,2219.4
2026-06-08,WC-006,SITE-02,3302,60,1.82,1541.01
2026-06-15,WC-006,SITE-02,4854,98,2.03,2023.87
2026-06-22,WC-006,SITE-02,3918,67,1.72,1850.5
2026-06-29,WC-006,SITE-02,2483,52,2.13,2284.29
2026-07-06,WC-006,SITE-02,3969,69,1.74,2592.14
2025-01-06,WC-007,SITE-03,5658,76,1.35,2837.52
2025-01-13,WC-007,SITE-03,4558,56,1.23,1710.07
2025-01-20,WC-007,SITE-03,5112,81,1.59,2160.22
2025-01-27,WC-007,SITE-03,3380,41,1.22,2050.18
2025-02-03,WC-007,SITE-03,4790,76,1.6,4475.55
2025-02-10,WC-007,SITE-03,3389,47,1.39,1354.26
2025-02-17,WC-007,SITE-03,4330,56,1.3,1940.91
2025-02-24,WC-007,SITE-03,5395,83,1.54,1854.3
2025-03-03,WC-007,SITE-03,6682,91,1.37,3148.73
2025-03-10,WC-007,SITE-03,4756,62,1.32,1610.35
2025-03-17,WC-007,SITE-03,7109,115,1.63,6383.68
2025-03-24,WC-007,SITE-03,4665,69,1.48,2106.35
2025-03-31,WC-007,SITE-03,6773,92,1.37,2843.85
2025-04-07,WC-007,SITE-03,5280,76,1.45,3799.62
2025-04-14,WC-007,SITE-03,6381,84,1.32,1762.0
2025-04-21,WC-007,SITE-03,6430,97,1.51,1898.44
2025-04-28,WC-007,SITE-03,3709,53,1.43,1124.09
2025-05-05,WC-007,SITE-03,5046,71,1.42,1740.56
2025-05-12,WC-007,SITE-03,5647,76,1.35,2245.58
2025-05-19,WC-007,SITE-03,5935,91,1.54,3132.28
2025-05-26,WC-007,SITE-03,7474,115,1.55,2280.55
2025-06-02,WC-007,SITE-03,6061,75,1.25,3034.2
2025-06-09,WC-007,SITE-03,7056,107,1.52,6000.24
2025-06-16,WC-007,SITE-03,5909,94,1.6,3219.34
2025-06-23,WC-007,SITE-03,7317,97,1.33,4552.2
2025-06-30,WC-007,SITE-03,6261,87,1.4,2630.16
2025-07-07,WC-007,SITE-03,5341,76,1.44,4244.35
2025-07-14,WC-007,SITE-03,3895,63,1.62,2984.32
2025-07-21,WC-007,SITE-03,3554,55,1.56,1309.97
2025-07-28,WC-007,SITE-03,7499,101,1.36,3189.37
2025-08-04,WC-007,SITE-03,7211,93,1.29,2748.34
2025-08-11,WC-007,SITE-03,4014,49,1.24,1102.56
2025-08-18,WC-007,SITE-03,6552,89,1.36,3255.81
2025-08-25,WC-007,SITE-03,3482,55,1.6,2758.4
2025-09-01,WC-007,SITE-03,4894,74,1.52,4084.09
2025-09-08,WC-007,SITE-03,4114,51,1.24,1230.79
2025-09-15,WC-007,SITE-03,4667,57,1.23,2409.74
2025-09-22,WC-007,SITE-03,4006,64,1.61,2303.52
2025-09-29,WC-007,SITE-03,4417,57,1.31,1687.04
2025-10-06,WC-007,SITE-03,7882,123,1.57,3878.03
2025-10-13,WC-007,SITE-03,5797,87,1.51,2135.27
2025-10-20,WC-007,SITE-03,7558,103,1.37,3145.98
2025-10-27,WC-007,SITE-03,5870,79,1.35,4365.25
2025-11-03,WC-007,SITE-03,6455,97,1.51,4552.41
2025-11-10,WC-007,SITE-03,5642,90,1.61,4072.24
2025-11-17,WC-007,SITE-03,3040,45,1.5,2256.27
2025-11-24,WC-007,SITE-03,5469,83,1.52,3315.3
2025-12-01,WC-007,SITE-03,6126,88,1.44,3171.37
2025-12-08,WC-007,SITE-03,7501,111,1.49,3998.24
2025-12-15,WC-007,SITE-03,3975,55,1.39,3034.69
2025-12-22,WC-007,SITE-03,5525,82,1.5,4729.52
2025-12-29,WC-007,SITE-03,5178,83,1.61,4142.66
2026-01-05,WC-007,SITE-03,7637,110,1.45,3893.54
2026-01-12,WC-007,SITE-03,4469,71,1.6,3929.09
2026-01-19,WC-007,SITE-03,3536,46,1.31,1122.58
2026-01-26,WC-007,SITE-03,5457,66,1.21,1351.32
2026-02-02,WC-007,SITE-03,5436,69,1.28,1433.49
2026-02-09,WC-007,SITE-03,5690,77,1.36,1945.16
2026-02-16,WC-007,SITE-03,3743,52,1.39,1929.44
2026-02-23,WC-007,SITE-03,6048,94,1.56,2239.68
2026-03-02,WC-007,SITE-03,7028,106,1.51,4202.83
2026-03-09,WC-007,SITE-03,6273,94,1.51,2068.77
2026-03-16,WC-007,SITE-03,4049,61,1.53,2419.83
2026-03-23,WC-007,SITE-03,5490,86,1.57,4448.87
2026-03-30,WC-007,SITE-03,5236,75,1.45,2616.29
2026-04-06,WC-007,SITE-03,5873,75,1.28,3938.96
2026-04-13,WC-007,SITE-03,3203,44,1.4,2229.11
2026-04-20,WC-007,SITE-03,4957,79,1.6,3751.39
2026-04-27,WC-007,SITE-03,6711,84,1.26,1857.74
2026-05-04,WC-007,SITE-03,7629,99,1.31,5370.96
2026-05-11,WC-007,SITE-03,6465,78,1.22,4001.52
2026-05-18,WC-007,SITE-03,4721,67,1.42,2911.54
2026-05-25,WC-007,SITE-03,5039,73,1.45,3909.7
2026-06-01,WC-007,SITE-03,4250,54,1.28,1402.11
2026-06-08,WC-007,SITE-03,4872,70,1.45,2446.35
2026-06-15,WC-007,SITE-03,5573,69,1.25,1440.35
2026-06-22,WC-007,SITE-03,5541,73,1.33,3571.3
2026-06-29,WC-007,SITE-03,3099,47,1.52,1937.09
2026-07-06,WC-007,SITE-03,5823,80,1.39,3366.04
2025-01-06,WC-008,SITE-03,4866,115,2.37,4642.01
2025-01-13,WC-008,SITE-03,3214,62,1.96,3470.53
2025-01-20,WC-008,SITE-03,4396,100,2.28,3391.09
2025-01-27,WC-008,SITE-03,4203,80,1.92,3437.1
2025-02-03,WC-008,SITE-03,4820,99,2.06,2300.49
2025-02-10,WC-008,SITE-03,5226,125,2.41,3736.56
2025-02-17,WC-008,SITE-03,5244,110,2.11,4959.4
2025-02-24,WC-008,SITE-03,5796,133,2.3,7044.23
2025-03-03,WC-008,SITE-03,5229,125,2.4,5627.44
2025-03-10,WC-008,SITE-03,3061,69,2.28,3129.29
2025-03-17,WC-008,SITE-03,3194,79,2.5,2442.0
2025-03-24,WC-008,SITE-03,4598,95,2.07,3889.64
2025-03-31,WC-008,SITE-03,5234,110,2.11,6562.09
2025-04-07,WC-008,SITE-03,4094,101,2.47,4141.2
2025-04-14,WC-008,SITE-03,3115,67,2.18,2677.92
2025-04-21,WC-008,SITE-03,4734,106,2.24,5546.99
2025-04-28,WC-008,SITE-03,4739,105,2.22,2694.79
2025-05-05,WC-008,SITE-03,6187,130,2.11,3899.94
2025-05-12,WC-008,SITE-03,3425,65,1.91,3868.66
2025-05-19,WC-008,SITE-03,3628,85,2.37,3867.87
2025-05-26,WC-008,SITE-03,3918,84,2.15,2203.78
2025-06-02,WC-008,SITE-03,4859,103,2.14,2932.56
2025-06-09,WC-008,SITE-03,4678,112,2.4,4459.07
2025-06-16,WC-008,SITE-03,5321,108,2.04,4310.96
2025-06-23,WC-008,SITE-03,4812,112,2.34,5148.66
2025-06-30,WC-008,SITE-03,3566,69,1.94,3824.02
2025-07-07,WC-008,SITE-03,3254,70,2.18,3861.79
2025-07-14,WC-008,SITE-03,4327,106,2.46,2864.25
2025-07-21,WC-008,SITE-03,5840,110,1.89,6382.9
2025-07-28,WC-008,SITE-03,4703,93,1.99,3248.11
2025-08-04,WC-008,SITE-03,4821,112,2.33,3855.02
2025-08-11,WC-008,SITE-03,5657,142,2.52,5294.09
2025-08-18,WC-008,SITE-03,5376,113,2.11,4887.15
2025-08-25,WC-008,SITE-03,5608,121,2.17,6384.47
2025-09-01,WC-008,SITE-03,4613,89,1.95,2124.93
2025-09-08,WC-008,SITE-03,5661,110,1.96,6436.9
2025-09-15,WC-008,SITE-03,6220,131,2.11,7666.79
2025-09-22,WC-008,SITE-03,4457,112,2.52,3754.41
2025-09-29,WC-008,SITE-03,5179,114,2.21,2149.67
2025-10-06,WC-008,SITE-03,4970,103,2.08,4100.23
2025-10-13,WC-008,SITE-03,4158,93,2.26,3181.79
2025-10-20,WC-008,SITE-03,4904,115,2.35,4786.52
2025-10-27,WC-008,SITE-03,5307,115,2.17,6739.42
2025-11-03,WC-008,SITE-03,5420,130,2.41,3131.93
2025-11-10,WC-008,SITE-03,3852,82,2.13,2994.93
2025-11-17,WC-008,SITE-03,4061,92,2.27,1884.1
2025-11-24,WC-008,SITE-03,4733,92,1.96,4690.86
2025-12-01,WC-008,SITE-03,3513,65,1.87,3344.83
2025-12-08,WC-008,SITE-03,3397,68,2.03,3823.05
2025-12-15,WC-008,SITE-03,5665,129,2.28,4161.96
2025-12-22,WC-008,SITE-03,4643,106,2.29,4628.18
2025-12-29,WC-008,SITE-03,4977,104,2.1,4036.03
2026-01-05,WC-008,SITE-03,3221,72,2.26,3135.06
2026-01-12,WC-008,SITE-03,5310,121,2.28,6323.44
2026-01-19,WC-008,SITE-03,4232,93,2.22,1733.79
2026-01-26,WC-008,SITE-03,6156,125,2.04,2538.92
2026-02-02,WC-008,SITE-03,5689,142,2.51,8419.68
2026-02-09,WC-008,SITE-03,3951,79,2.0,3882.85
2026-02-16,WC-008,SITE-03,6446,142,2.21,6515.52
2026-02-23,WC-008,SITE-03,2955,59,2.0,2189.38
2026-03-02,WC-008,SITE-03,5500,134,2.45,4512.15
2026-03-09,WC-008,SITE-03,2656,59,2.24,2484.35
2026-03-16,WC-008,SITE-03,5856,133,2.28,3680.3
2026-03-23,WC-008,SITE-03,4815,112,2.34,3636.59
2026-03-30,WC-008,SITE-03,6299,134,2.14,4702.23
2026-04-06,WC-008,SITE-03,3329,69,2.1,3722.25
2026-04-13,WC-008,SITE-03,3443,83,2.42,1882.62
2026-04-20,WC-008,SITE-03,5885,114,1.94,6529.33
2026-04-27,WC-008,SITE-03,5324,102,1.92,2148.89
2026-05-04,WC-008,SITE-03,4850,98,2.03,2438.45
2026-05-11,WC-008,SITE-03,4858,101,2.09,2393.56
2026-05-18,WC-008,SITE-03,4142,86,2.1,3319.4
2026-05-25,WC-008,SITE-03,3512,68,1.94,3014.27
2026-06-01,WC-008,SITE-03,6073,143,2.37,6391.33
2026-06-08,WC-008,SITE-03,5589,136,2.44,3912.25
2026-06-15,WC-008,SITE-03,2963,71,2.42,3237.72
2026-06-22,WC-008,SITE-03,3468,85,2.46,3324.2
2026-06-29,WC-008,SITE-03,3767,86,2.29,2610.0
2026-07-06,WC-008,SITE-03,6246,140,2.25,2849.99
2025-01-06,WC-009,SITE-03,2378,34,1.44,1565.88
2025-01-13,WC-009,SITE-03,4823,76,1.58,4423.11
2025-01-20,WC-009,SITE-03,4977,69,1.4,3726.7
2025-01-27,WC-009,SITE-03,5400,73,1.37,2553.62
2025-02-03,WC-009,SITE-03,4387,75,1.72,3868.01
2025-02-10,WC-009,SITE-03,2620,36,1.4,996.99
2025-02-17,WC-009,SITE-03,3896,52,1.35,969.32
2025-02-24,WC-009,SITE-03,3431,47,1.38,1728.05
2025-03-03,WC-009,SITE-03,4299,64,1.49,1948.78
2025-03-10,WC-009,SITE-03,4819,62,1.29,1950.32
2025-03-17,WC-009,SITE-03,4530,59,1.31,2606.79
2025-03-24,WC-009,SITE-03,3832,58,1.53,3160.23
2025-03-31,WC-009,SITE-03,4943,81,1.64,3820.51
2025-04-07,WC-009,SITE-03,2373,31,1.32,1838.85
2025-04-14,WC-009,SITE-03,4598,73,1.59,1489.95
2025-04-21,WC-009,SITE-03,2417,37,1.56,1892.46
2025-04-28,WC-009,SITE-03,2208,35,1.6,1315.24
2025-05-05,WC-009,SITE-03,5194,87,1.68,3565.9
2025-05-12,WC-009,SITE-03,5416,69,1.29,3891.04
2025-05-19,WC-009,SITE-03,3697,48,1.31,2538.82
2025-05-26,WC-009,SITE-03,4109,70,1.71,3183.86
2025-06-02,WC-009,SITE-03,3156,52,1.67,1260.67
2025-06-09,WC-009,SITE-03,3419,58,1.7,1469.72
2025-06-16,WC-009,SITE-03,5118,77,1.52,3803.05
2025-06-23,WC-009,SITE-03,4849,82,1.7,1657.53
2025-06-30,WC-009,SITE-03,3811,60,1.6,1253.64
2025-07-07,WC-009,SITE-03,4447,61,1.38,2401.27
2025-07-14,WC-009,SITE-03,3873,56,1.46,2680.88
2025-07-21,WC-009,SITE-03,3127,40,1.29,1612.88
2025-07-28,WC-009,SITE-03,4255,55,1.31,2982.53
2025-08-04,WC-009,SITE-03,3283,50,1.53,2321.73
2025-08-11,WC-009,SITE-03,2442,37,1.52,1026.37
2025-08-18,WC-009,SITE-03,5012,85,1.71,4559.69
2025-08-25,WC-009,SITE-03,3938,51,1.32,2821.08
2025-09-01,WC-009,SITE-03,3468,50,1.45,2173.53
2025-09-08,WC-009,SITE-03,3308,53,1.63,3137.63
2025-09-15,WC-009,SITE-03,4253,65,1.55,2272.45
2025-09-22,WC-009,SITE-03,2759,36,1.31,1105.12
2025-09-29,WC-009,SITE-03,2548,39,1.54,1113.87
2025-10-06,WC-009,SITE-03,4139,69,1.67,2277.06
2025-10-13,WC-009,SITE-03,2169,31,1.47,1444.3
2025-10-20,WC-009,SITE-03,4879,77,1.59,3175.29
2025-10-27,WC-009,SITE-03,3805,50,1.33,1196.95
2025-11-03,WC-009,SITE-03,2427,37,1.53,1112.13
2025-11-10,WC-009,SITE-03,2793,48,1.72,1407.29
2025-11-17,WC-009,SITE-03,3767,54,1.46,3148.92
2025-11-24,WC-009,SITE-03,2845,42,1.51,1870.93
2025-12-01,WC-009,SITE-03,4431,70,1.59,2954.86
2025-12-08,WC-009,SITE-03,3325,43,1.31,2353.19
2025-12-15,WC-009,SITE-03,3363,43,1.29,2022.31
2025-12-22,WC-009,SITE-03,3389,47,1.39,1714.36
2025-12-29,WC-009,SITE-03,3817,62,1.65,3167.96
2026-01-05,WC-009,SITE-03,5166,66,1.28,2192.99
2026-01-12,WC-009,SITE-03,4394,66,1.51,2754.33
2026-01-19,WC-009,SITE-03,3290,54,1.67,2335.35
2026-01-26,WC-009,SITE-03,2550,38,1.52,1144.26
2026-02-02,WC-009,SITE-03,2845,38,1.36,909.28
2026-02-09,WC-009,SITE-03,4179,69,1.66,3685.67
2026-02-16,WC-009,SITE-03,2743,45,1.65,995.84
2026-02-23,WC-009,SITE-03,2215,34,1.54,1289.21
2026-03-02,WC-009,SITE-03,3325,50,1.53,1224.57
2026-03-09,WC-009,SITE-03,4534,63,1.39,3063.08
2026-03-16,WC-009,SITE-03,3637,53,1.48,1080.95
2026-03-23,WC-009,SITE-03,4937,68,1.39,3883.24
2026-03-30,WC-009,SITE-03,3728,57,1.55,1219.71
2026-04-06,WC-009,SITE-03,3135,45,1.45,1366.69
2026-04-13,WC-009,SITE-03,2886,41,1.45,1917.79
2026-04-20,WC-009,SITE-03,2852,37,1.3,836.88
2026-04-27,WC-009,SITE-03,2210,33,1.53,1169.56
2026-05-04,WC-009,SITE-03,3993,52,1.31,1304.32
2026-05-11,WC-009,SITE-03,3174,51,1.62,2093.92
2026-05-18,WC-009,SITE-03,3243,49,1.53,2615.59
2026-05-25,WC-009,SITE-03,2537,42,1.66,868.67
2026-06-01,WC-009,SITE-03,4413,65,1.48,3174.36
2026-06-08,WC-009,SITE-03,2517,39,1.55,1877.03
2026-06-15,WC-009,SITE-03,3644,49,1.36,1011.32
2026-06-22,WC-009,SITE-03,2287,34,1.52,824.62
2026-06-29,WC-009,SITE-03,4307,72,1.69,3409.73
2026-07-06,WC-009,SITE-03,2979,43,1.47,1026.19
2025-01-06,WC-010,SITE-04,4217,77,1.84,3136.7
2025-01-13,WC-010,SITE-04,4542,78,1.73,3994.59
2025-01-20,WC-010,SITE-04,6500,102,1.57,4444.09
2025-01-27,WC-010,SITE-04,4260,61,1.44,2657.67
2025-02-03,WC-010,SITE-04,6933,128,1.85,6430.49
2025-02-10,WC-010,SITE-04,4579,66,1.46,1426.09
2025-02-17,WC-010,SITE-04,6226,115,1.86,4775.68
2025-02-24,WC-010,SITE-04,5217,95,1.83,4464.6
2025-03-03,WC-010,SITE-04,5122,74,1.46,3217.25
2025-03-10,WC-010,SITE-04,4751,71,1.51,3726.72
2025-03-17,WC-010,SITE-04,4641,77,1.68,3062.8
2025-03-24,WC-010,SITE-04,6463,93,1.44,3942.73
2025-03-31,WC-010,SITE-04,4620,77,1.68,2049.79
2025-04-07,WC-010,SITE-04,6521,96,1.48,2271.75
2025-04-14,WC-010,SITE-04,3854,61,1.59,3612.29
2025-04-21,WC-010,SITE-04,6242,89,1.43,4422.07
2025-04-28,WC-010,SITE-04,5711,90,1.58,4871.35
2025-05-05,WC-010,SITE-04,4439,83,1.87,2427.5
2025-05-12,WC-010,SITE-04,5536,102,1.85,2800.0
2025-05-19,WC-010,SITE-04,5493,80,1.46,2683.71
2025-05-26,WC-010,SITE-04,4219,70,1.67,2805.05
2025-06-02,WC-010,SITE-04,6811,103,1.52,4045.0
2025-06-09,WC-010,SITE-04,6501,117,1.8,5645.48
2025-06-16,WC-010,SITE-04,4512,78,1.73,3963.98
2025-06-23,WC-010,SITE-04,4978,79,1.6,2840.41
2025-06-30,WC-010,SITE-04,5304,97,1.83,2970.48
2025-07-07,WC-010,SITE-04,3644,65,1.79,1514.54
2025-07-14,WC-010,SITE-04,3889,60,1.55,3069.99
2025-07-21,WC-010,SITE-04,5519,87,1.58,2266.16
2025-07-28,WC-010,SITE-04,6370,89,1.4,2895.48
2025-08-04,WC-010,SITE-04,3728,64,1.73,2569.47
2025-08-11,WC-010,SITE-04,4330,68,1.58,2032.02
2025-08-18,WC-010,SITE-04,4915,83,1.69,2251.15
2025-08-25,WC-010,SITE-04,3683,61,1.68,3154.64
2025-09-01,WC-010,SITE-04,4618,68,1.48,1507.03
2025-09-08,WC-010,SITE-04,3063,44,1.46,2191.45
2025-09-15,WC-010,SITE-04,6369,89,1.4,3810.02
2025-09-22,WC-010,SITE-04,3192,59,1.86,1898.43
2025-09-29,WC-010,SITE-04,4022,56,1.4,2055.5
2025-10-06,WC-010,SITE-04,6128,94,1.55,5095.93
2025-10-13,WC-010,SITE-04,3771,61,1.64,2597.98
2025-10-20,WC-010,SITE-04,5387,77,1.43,2838.74
2025-10-27,WC-010,SITE-04,3713,56,1.51,2221.81
2025-11-03,WC-010,SITE-04,3321,59,1.78,2897.33
2025-11-10,WC-010,SITE-04,3485,55,1.58,3169.65
2025-11-17,WC-010,SITE-04,5843,104,1.79,4945.26
2025-11-24,WC-010,SITE-04,3290,47,1.45,1833.7
2025-12-01,WC-010,SITE-04,5653,84,1.49,3948.9
2025-12-08,WC-010,SITE-04,7101,115,1.62,6856.83
2025-12-15,WC-010,SITE-04,5543,94,1.7,4020.92
2025-12-22,WC-010,SITE-04,5930,87,1.47,4335.27
2025-12-29,WC-010,SITE-04,5826,109,1.88,5734.2
2026-01-05,WC-010,SITE-04,4416,64,1.45,1382.25
2026-01-12,WC-010,SITE-04,4887,75,1.55,3200.7
2026-01-19,WC-010,SITE-04,5213,76,1.46,4302.33
2026-01-26,WC-010,SITE-04,6275,103,1.65,2236.01
2026-02-02,WC-010,SITE-04,4190,61,1.47,2802.05
2026-02-09,WC-010,SITE-04,4419,72,1.64,3155.58
2026-02-16,WC-010,SITE-04,5819,101,1.74,3363.09
2026-02-23,WC-010,SITE-04,7628,138,1.81,3584.37
2026-03-02,WC-010,SITE-04,6858,111,1.63,2371.54
2026-03-09,WC-010,SITE-04,4412,63,1.43,3150.25
2026-03-16,WC-010,SITE-04,3143,58,1.85,2384.55
2026-03-23,WC-010,SITE-04,6953,102,1.47,3893.62
2026-03-30,WC-010,SITE-04,6134,91,1.49,2362.83
2026-04-06,WC-010,SITE-04,3868,69,1.79,1261.31
2026-04-13,WC-010,SITE-04,6726,96,1.43,3603.56
2026-04-20,WC-010,SITE-04,4813,83,1.74,1727.91
2026-04-27,WC-010,SITE-04,4183,72,1.73,4237.49
2026-05-04,WC-010,SITE-04,6102,103,1.69,3688.08
2026-05-11,WC-010,SITE-04,7350,124,1.69,4270.48
2026-05-18,WC-010,SITE-04,5460,85,1.56,1833.96
2026-05-25,WC-010,SITE-04,4162,63,1.52,3691.53
2026-06-01,WC-010,SITE-04,3565,58,1.64,2784.82
2026-06-08,WC-010,SITE-04,7490,127,1.7,7538.63
2026-06-15,WC-010,SITE-04,6389,91,1.43,4917.66
2026-06-22,WC-010,SITE-04,3997,55,1.4,2688.5
2026-06-29,WC-010,SITE-04,5613,88,1.57,4509.44
2026-07-06,WC-010,SITE-04,3422,59,1.75,1110.1
2025-01-06,WC-011,SITE-04,4325,59,1.38,3237.3
2025-01-13,WC-011,SITE-04,5072,84,1.66,3286.08
2025-01-20,WC-011,SITE-04,3392,53,1.57,2953.62
2025-01-27,WC-011,SITE-04,3786,49,1.32,907.38
2025-02-03,WC-011,SITE-04,2735,36,1.35,1598.49
2025-02-10,WC-011,SITE-04,5174,85,1.65,4457.33
2025-02-17,WC-011,SITE-04,3145,45,1.44,877.96
2025-02-24,WC-011,SITE-04,3339,55,1.65,2917.12
2025-03-03,WC-011,SITE-04,5354,71,1.33,4066.06
2025-03-10,WC-011,SITE-04,4085,53,1.32,1116.41
2025-03-17,WC-011,SITE-04,5046,74,1.47,2202.77
2025-03-24,WC-011,SITE-04,3483,57,1.66,1234.06
2025-03-31,WC-011,SITE-04,3601,58,1.62,1713.7
2025-04-07,WC-011,SITE-04,4414,66,1.5,3025.34
2025-04-14,WC-011,SITE-04,3837,61,1.61,2529.44
2025-04-21,WC-011,SITE-04,2625,38,1.45,1470.11
2025-04-28,WC-011,SITE-04,2249,31,1.38,764.05
2025-05-05,WC-011,SITE-04,3972,55,1.4,1112.33
2025-05-12,WC-011,SITE-04,2980,47,1.61,1122.33
2025-05-19,WC-011,SITE-04,2300,38,1.66,984.38
2025-05-26,WC-011,SITE-04,4347,71,1.64,1406.1
2025-06-02,WC-011,SITE-04,5077,83,1.65,4628.69
2025-06-09,WC-011,SITE-04,4671,76,1.64,1656.22
2025-06-16,WC-011,SITE-04,2998,49,1.65,2183.19
2025-06-23,WC-011,SITE-04,3753,61,1.65,2638.15
2025-06-30,WC-011,SITE-04,4744,68,1.45,1817.93
2025-07-07,WC-011,SITE-04,4129,61,1.48,2575.68
2025-07-14,WC-011,SITE-04,4109,59,1.45,1560.97
2025-07-21,WC-011,SITE-04,4163,52,1.26,2020.03
2025-07-28,WC-011,SITE-04,3190,53,1.68,1704.37
2025-08-04,WC-011,SITE-04,2862,44,1.54,1896.86
2025-08-11,WC-011,SITE-04,4601,59,1.3,3108.65
2025-08-18,WC-011,SITE-04,5110,83,1.64,2179.17
2025-08-25,WC-011,SITE-04,4617,70,1.52,1773.04
2025-09-01,WC-011,SITE-04,5068,75,1.48,1903.58
2025-09-08,WC-011,SITE-04,2671,44,1.67,1356.69
2025-09-15,WC-011,SITE-04,3061,41,1.37,1471.75
2025-09-22,WC-011,SITE-04,4603,64,1.41,3284.01
2025-09-29,WC-011,SITE-04,3823,58,1.53,2484.02
2025-10-06,WC-011,SITE-04,3081,45,1.48,1877.61
2025-10-13,WC-011,SITE-04,3989,62,1.56,3589.48
2025-10-20,WC-011,SITE-04,3483,51,1.48,1017.37
2025-10-27,WC-011,SITE-04,2899,42,1.48,2158.66
2025-11-03,WC-011,SITE-04,2728,44,1.62,1217.83
2025-11-10,WC-011,SITE-04,3426,56,1.66,2425.05
2025-11-17,WC-011,SITE-04,3234,49,1.53,1024.74
2025-11-24,WC-011,SITE-04,4330,57,1.33,3109.39
2025-12-01,WC-011,SITE-04,2561,32,1.28,1755.21
2025-12-08,WC-011,SITE-04,2872,46,1.62,2508.35
2025-12-15,WC-011,SITE-04,3465,56,1.62,2991.8
2025-12-22,WC-011,SITE-04,3036,46,1.53,2722.16
2025-12-29,WC-011,SITE-04,2700,44,1.63,2081.0
2026-01-05,WC-011,SITE-04,2464,40,1.66,2070.81
2026-01-12,WC-011,SITE-04,3325,50,1.53,2777.2
2026-01-19,WC-011,SITE-04,2385,33,1.42,1486.75
2026-01-26,WC-011,SITE-04,3376,55,1.63,1173.92
2026-02-02,WC-011,SITE-04,2656,42,1.59,881.26
2026-02-09,WC-011,SITE-04,3613,56,1.57,1259.3
2026-02-16,WC-011,SITE-04,5232,83,1.6,4979.33
2026-02-23,WC-011,SITE-04,3694,62,1.69,3167.53
2026-03-02,WC-011,SITE-04,2848,39,1.37,1774.18
2026-03-09,WC-011,SITE-04,3155,41,1.3,1268.58
2026-03-16,WC-011,SITE-04,4287,60,1.42,2609.89
2026-03-23,WC-011,SITE-04,4812,80,1.67,3560.99
2026-03-30,WC-011,SITE-04,3322,46,1.4,1194.66
2026-04-06,WC-011,SITE-04,4852,61,1.27,2964.37
2026-04-13,WC-011,SITE-04,3142,48,1.53,1634.6
2026-04-20,WC-011,SITE-04,2307,34,1.5,1894.63
2026-04-27,WC-011,SITE-04,4148,58,1.42,1478.0
2026-05-04,WC-011,SITE-04,4052,59,1.48,2880.75
2026-05-11,WC-011,SITE-04,5363,76,1.42,1786.98
2026-05-18,WC-011,SITE-04,2836,38,1.35,858.19
2026-05-25,WC-011,SITE-04,3116,44,1.44,1020.49
2026-06-01,WC-011,SITE-04,2864,38,1.35,1809.78
2026-06-08,WC-011,SITE-04,3825,53,1.4,3124.4
2026-06-15,WC-011,SITE-04,2545,37,1.49,1799.33
2026-06-22,WC-011,SITE-04,2664,34,1.28,714.21
2026-06-29,WC-011,SITE-04,2413,38,1.61,992.7
2026-07-06,WC-011,SITE-04,3542,56,1.6,3110.82
2025-01-06,WC-012,SITE-04,5394,125,2.33,3657.65
2025-01-13,WC-012,SITE-04,6757,170,2.53,7760.66
2025-01-20,WC-012,SITE-04,7923,181,2.29,9102.17
2025-01-27,WC-012,SITE-04,5463,113,2.07,5527.86
2025-02-03,WC-012,SITE-04,6586,156,2.38,5846.23
2025-02-10,WC-012,SITE-04,6286,157,2.5,4921.73
2025-02-17,WC-012,SITE-04,6339,161,2.54,6684.86
2025-02-24,WC-012,SITE-04,5919,127,2.15,4929.5
2025-03-03,WC-012,SITE-04,4526,111,2.46,2388.56
2025-03-10,WC-012,SITE-04,4975,117,2.36,6657.19
2025-03-17,WC-012,SITE-04,4879,107,2.21,4911.76
2025-03-24,WC-012,SITE-04,4011,83,2.08,4631.6
2025-03-31,WC-012,SITE-04,8498,181,2.13,9780.48
2025-04-07,WC-012,SITE-04,8110,181,2.24,4996.37
2025-04-14,WC-012,SITE-04,4259,100,2.36,3784.68
2025-04-21,WC-012,SITE-04,4247,89,2.11,3767.03
2025-04-28,WC-012,SITE-04,6906,143,2.08,5762.55
2025-05-05,WC-012,SITE-04,7322,174,2.39,4067.94
2025-05-12,WC-012,SITE-04,5288,140,2.66,8234.21
2025-05-19,WC-012,SITE-04,3899,95,2.45,3417.08
2025-05-26,WC-012,SITE-04,8281,183,2.21,7391.61
2025-06-02,WC-012,SITE-04,8196,174,2.13,9598.66
2025-06-09,WC-012,SITE-04,3974,98,2.47,3536.31
2025-06-16,WC-012,SITE-04,7027,184,2.63,6573.91
2025-06-23,WC-012,SITE-04,7227,154,2.14,2979.69
2025-06-30,WC-012,SITE-04,7013,148,2.12,7692.98
2025-07-07,WC-012,SITE-04,4147,100,2.43,4238.83
2025-07-14,WC-012,SITE-04,6798,181,2.67,7956.55
2025-07-21,WC-012,SITE-04,5887,138,2.35,4155.71
2025-07-28,WC-012,SITE-04,6960,164,2.36,4768.88
2025-08-04,WC-012,SITE-04,5813,147,2.54,7991.34
2025-08-11,WC-012,SITE-04,6409,136,2.13,5191.03
2025-08-18,WC-012,SITE-04,3427,86,2.51,1962.5
2025-08-25,WC-012,SITE-04,5262,127,2.42,4488.42
2025-09-01,WC-012,SITE-04,6651,140,2.11,2776.55
2025-09-08,WC-012,SITE-04,5519,144,2.62,5840.28
2025-09-15,WC-012,SITE-04,5431,132,2.44,2807.56
2025-09-22,WC-012,SITE-04,7493,167,2.24,9054.43
2025-09-29,WC-012,SITE-04,7938,174,2.2,4964.34
2025-10-06,WC-012,SITE-04,8077,222,2.76,7113.76
2025-10-13,WC-012,SITE-04,8393,232,2.77,4627.25
2025-10-20,WC-012,SITE-04,4249,101,2.38,2780.19
2025-10-27,WC-012,SITE-04,5923,127,2.16,6225.74
2025-11-03,WC-012,SITE-04,6869,146,2.14,7171.03
2025-11-10,WC-012,SITE-04,7344,152,2.08,5950.22
2025-11-17,WC-012,SITE-04,6080,130,2.15,3983.83
2025-11-24,WC-012,SITE-04,7096,153,2.16,5392.09
2025-12-01,WC-012,SITE-04,7998,219,2.74,12657.36
2025-12-08,WC-012,SITE-04,4899,116,2.38,5736.77
2025-12-15,WC-012,SITE-04,4402,111,2.54,3313.14
2025-12-22,WC-012,SITE-04,5102,138,2.72,5975.51
2025-12-29,WC-012,SITE-04,4263,100,2.35,2404.99
2026-01-05,WC-012,SITE-04,6770,146,2.17,7677.45
2026-01-12,WC-012,SITE-04,4147,109,2.64,3897.48
2026-01-19,WC-012,SITE-04,8350,219,2.63,4308.02
2026-01-26,WC-012,SITE-04,4575,119,2.61,6293.86
2026-02-02,WC-012,SITE-04,8601,232,2.7,11360.74
2026-02-09,WC-012,SITE-04,8140,200,2.46,9654.42
2026-02-16,WC-012,SITE-04,4568,117,2.58,2363.64
2026-02-23,WC-012,SITE-04,6847,181,2.65,9567.73
2026-03-02,WC-012,SITE-04,4839,116,2.4,5313.81
2026-03-09,WC-012,SITE-04,7392,183,2.48,4438.0
2026-03-16,WC-012,SITE-04,5023,131,2.62,4786.42
2026-03-23,WC-012,SITE-04,3895,84,2.17,2191.73
2026-03-30,WC-012,SITE-04,3834,86,2.25,4973.51
2026-04-06,WC-012,SITE-04,4184,102,2.46,4311.9
2026-04-13,WC-012,SITE-04,7756,195,2.52,7878.18
2026-04-20,WC-012,SITE-04,5616,117,2.1,5080.34
2026-04-27,WC-012,SITE-04,5963,127,2.14,5166.51
2026-05-04,WC-012,SITE-04,5409,130,2.41,7171.9
2026-05-11,WC-012,SITE-04,6886,178,2.59,8482.64
2026-05-18,WC-012,SITE-04,3478,95,2.75,5489.77
2026-05-25,WC-012,SITE-04,4444,110,2.48,4514.23
2026-06-01,WC-012,SITE-04,4162,86,2.07,5042.11
2026-06-08,WC-012,SITE-04,6349,173,2.74,4408.56
2026-06-15,WC-012,SITE-04,8477,224,2.65,11851.02
2026-06-22,WC-012,SITE-04,6526,163,2.51,5034.28
2026-06-29,WC-012,SITE-04,4127,87,2.12,1592.33
2026-07-06,WC-012,SITE-04,6697,142,2.13,7912.91
2026-07-13,WC-001,SITE-01,3342,79,2.37,3303.70
2026-07-13,WC-002,SITE-01,3041,157,5.15,6940.81
2026-07-13,WC-003,SITE-01,3211,55,1.72,2660.50
2026-07-13,WC-004,SITE-02,6640,164,2.47,7600.61
2026-07-13,WC-005,SITE-02,5594,152,2.72,4762.72
2026-07-13,WC-006,SITE-02,3732,76,2.03,2408.30
2026-07-13,WC-007,SITE-03,4017,51,1.27,1819.00
2026-07-13,WC-008,SITE-03,3367,73,2.17,2541.34
2026-07-13,WC-009,SITE-03,2137,36,1.67,1278.48
2026-07-13,WC-010,SITE-04,5849,101,1.72,4719.30
2026-07-13,WC-011,SITE-04,2341,37,1.58,1590.31
2026-07-13,WC-012,SITE-04,5686,115,2.03,4637.01
2026-07-20,WC-001,SITE-01,4523,96,2.12,4014.62
2026-07-20,WC-002,SITE-01,2738,151,5.50,6675.56
2026-07-20,WC-003,SITE-01,3268,52,1.58,2515.38
2026-07-20,WC-004,SITE-02,6600,143,2.17,6627.36
2026-07-20,WC-005,SITE-02,5125,139,2.71,4355.38
2026-07-20,WC-006,SITE-02,1798,33,1.86,1045.71
2026-07-20,WC-007,SITE-03,2632,37,1.42,1319.66
2026-07-20,WC-008,SITE-03,3515,76,2.15,2645.78
2026-07-20,WC-009,SITE-03,2542,47,1.84,1669.13
2026-07-20,WC-010,SITE-04,4973,83,1.66,3878.24
2026-07-20,WC-011,SITE-04,2659,43,1.61,1848.19
2026-07-20,WC-012,SITE-04,7043,132,1.87,5322.48
2026-07-27,WC-001,SITE-01,3361,63,1.87,2634.59
2026-07-27,WC-002,SITE-01,2989,170,5.70,7515.53
2026-07-27,WC-003,SITE-01,3698,69,1.86,3337.71
2026-07-27,WC-004,SITE-02,6822,148,2.17,6859.08
2026-07-27,WC-005,SITE-02,4825,138,2.85,4324.05
2026-07-27,WC-006,SITE-02,1238,22,1.75,697.14
2026-07-27,WC-007,SITE-03,2784,44,1.59,1569.33
2026-07-27,WC-008,SITE-03,4517,91,2.02,3167.97
2026-07-27,WC-009,SITE-03,1792,37,2.05,1313.99
2026-07-27,WC-010,SITE-04,4613,77,1.68,3597.88
2026-07-27,WC-011,SITE-04,2666,43,1.62,1848.19
2026-07-27,WC-012,SITE-04,4419,69,1.57,2782.21
