month,part_id,category,qty_on_hand,qty_on_order,unit_cost,total_value
2023-01-01,PT0001,Packaging,2463,950,264.02,650281.26
2023-01-01,PT0002,MRO,3873,741,26.81,103835.13
2023-01-01,PT0003,Raw Material,3295,283,255.16,840752.2
2023-01-01,PT0004,Raw Material,4203,1352,4.03,16938.09
2023-01-01,PT0005,MRO,3357,942,407.56,1368178.92
2023-01-01,PT0006,Packaging,1474,1035,453.4,668311.6
2023-01-01,PT0007,Raw Material,4510,1940,426.79,1924822.9
2023-01-01,PT0008,Packaging,162,774,189.33,30671.46
2023-01-01,PT0009,MRO,4180,1394,414.32,1731857.6
2023-01-01,PT0010,Packaging,1357,996,33.04,44835.28
2023-01-01,PT0011,Packaging,1388,756,25.15,34908.2
2023-01-01,PT0012,WIP,2231,772,265.12,591482.72
2023-01-01,PT0013,Finished Goods,240,864,245.48,58915.2
2023-01-01,PT0014,Packaging,3733,1222,377.04,1407490.32
2023-01-01,PT0015,WIP,2388,206,78.15,186622.2
2023-01-01,PT0016,Packaging,3788,1238,296.65,1123710.2
2023-01-01,PT0017,MRO,1060,84,6.55,6943.0
2023-01-01,PT0018,Packaging,1787,541,32.55,58166.85
2023-01-01,PT0019,Packaging,4523,1872,352.25,1593226.75
2023-01-01,PT0020,Finished Goods,2167,527,429.53,930791.51
2023-01-01,PT0021,Packaging,4563,1174,478.28,2182391.64
2023-01-01,PT0022,Raw Material,2275,1837,458.04,1042041.0
2023-01-01,PT0023,Packaging,2138,852,121.52,259809.76
2023-01-01,PT0024,Finished Goods,3800,1875,262.66,998108.0
2023-01-01,PT0025,WIP,1547,204,189.17,292645.99
2023-01-01,PT0026,WIP,4181,1408,36.39,152146.59
2023-01-01,PT0027,Raw Material,3511,1531,206.29,724284.19
2023-01-01,PT0028,MRO,2672,1888,146.11,390405.92
2023-01-01,PT0029,Packaging,3953,1301,429.1,1696232.3
2023-01-01,PT0030,Finished Goods,249,1087,109.89,27362.61
2023-01-01,PT0031,MRO,120,1724,352.22,42266.4
2023-01-01,PT0032,WIP,1467,1888,217.28,318749.76
2023-01-01,PT0033,Finished Goods,2025,898,343.16,694899.0
2023-01-01,PT0034,Raw Material,4358,1080,63.64,277343.12
2023-01-01,PT0035,MRO,707,683,13.66,9657.62
2023-01-01,PT0036,Finished Goods,856,481,237.29,203120.24
2023-01-01,PT0037,MRO,687,581,99.14,68109.18
2023-01-01,PT0038,WIP,1028,1721,472.01,485226.28
2023-01-01,PT0039,MRO,3226,281,325.13,1048869.38
2023-01-01,PT0040,Finished Goods,4983,564,234.33,1167666.39
2023-02-01,PT0001,Finished Goods,961,1017,121.32,116588.52
2023-02-01,PT0002,Packaging,1901,1479,79.24,150635.24
2023-02-01,PT0003,Raw Material,3962,836,172.27,682533.74
2023-02-01,PT0004,MRO,4374,632,67.57,295551.18
2023-02-01,PT0005,Raw Material,3658,1066,447.17,1635747.86
2023-02-01,PT0006,Finished Goods,3334,518,347.48,1158498.32
2023-02-01,PT0007,Raw Material,2770,905,371.12,1028002.4
2023-02-01,PT0008,MRO,3213,284,144.5,464278.5
2023-02-01,PT0009,Raw Material,4029,1046,291.95,1176266.55
2023-02-01,PT0010,Finished Goods,2859,1292,409.01,1169359.59
2023-02-01,PT0011,WIP,2864,1359,155.02,443977.28
2023-02-01,PT0012,Finished Goods,2786,1151,74.72,208169.92
2023-02-01,PT0013,MRO,1479,1249,196.42,290505.18
2023-02-01,PT0014,WIP,499,948,278.76,139101.24
2023-02-01,PT0015,WIP,3490,967,67.77,236517.3
2023-02-01,PT0016,Packaging,3600,1364,133.41,480276.0
2023-02-01,PT0017,Raw Material,2178,213,50.22,109379.16
2023-02-01,PT0018,WIP,3640,1468,251.84,916697.6
2023-02-01,PT0019,WIP,4453,1076,271.3,1208098.9
2023-02-01,PT0020,WIP,1155,1645,479.7,554053.5
2023-02-01,PT0021,WIP,4348,799,405.06,1761200.88
2023-02-01,PT0022,WIP,2121,866,77.35,164059.35
2023-02-01,PT0023,Packaging,1579,1153,359.38,567461.02
2023-02-01,PT0024,MRO,761,123,433.58,329954.38
2023-02-01,PT0025,WIP,3105,1018,176.39,547690.95
2023-02-01,PT0026,Finished Goods,474,1145,311.99,147883.26
2023-02-01,PT0027,Finished Goods,698,1445,99.37,69360.26
2023-02-01,PT0028,Finished Goods,4798,329,404.15,1939111.7
2023-02-01,PT0029,MRO,1949,1283,72.78,141848.22
2023-02-01,PT0030,Finished Goods,3316,64,4.46,14789.36
2023-02-01,PT0031,Raw Material,1267,1683,354.6,449278.2
2023-02-01,PT0032,MRO,2387,1751,201.58,481171.46
2023-02-01,PT0033,MRO,347,1199,309.71,107469.37
2023-02-01,PT0034,MRO,347,1160,38.91,13501.77
2023-02-01,PT0035,Raw Material,4943,217,5.57,27532.51
2023-02-01,PT0036,MRO,4906,1787,191.75,940725.5
2023-02-01,PT0037,Finished Goods,2597,1915,151.55,393575.35
2023-02-01,PT0038,WIP,837,971,21.19,17736.03
2023-02-01,PT0039,Packaging,3327,266,421.93,1403761.11
2023-02-01,PT0040,MRO,1330,1647,353.36,469968.8
2023-03-01,PT0001,Raw Material,2628,370,442.22,1162154.16
2023-03-01,PT0002,WIP,4554,1168,166.49,758195.46
2023-03-01,PT0003,Packaging,3799,1405,453.12,1721402.88
2023-03-01,PT0004,WIP,1674,323,29.76,49818.24
2023-03-01,PT0005,Raw Material,3300,764,201.13,663729.0
2023-03-01,PT0006,MRO,918,93,277.31,254570.58
2023-03-01,PT0007,MRO,4409,1390,31.02,136767.18
2023-03-01,PT0008,MRO,588,1770,364.86,214537.68
2023-03-01,PT0009,Raw Material,813,437,395.14,321248.82
2023-03-01,PT0010,Finished Goods,1252,732,2.95,3693.4
2023-03-01,PT0011,Raw Material,3385,552,461.1,1560823.5
2023-03-01,PT0012,WIP,3805,861,73.76,280656.8
2023-03-01,PT0013,Finished Goods,4762,1323,120.81,575297.22
2023-03-01,PT0014,Finished Goods,3440,693,370.54,1274657.6
2023-03-01,PT0015,WIP,2967,124,445.25,1321056.75
2023-03-01,PT0016,Finished Goods,2380,1022,472.05,1123479.0
2023-03-01,PT0017,MRO,2207,162,326.7,721026.9
2023-03-01,PT0018,Raw Material,171,321,483.05,82601.55
2023-03-01,PT0019,Packaging,4744,1796,182.96,867962.24
2023-03-01,PT0020,Finished Goods,4550,1100,95.26,433433.0
2023-03-01,PT0021,MRO,4961,1309,168.17,834291.37
2023-03-01,PT0022,Packaging,2642,1154,240.63,635744.46
2023-03-01,PT0023,WIP,621,1378,31.13,19331.73
2023-03-01,PT0024,Finished Goods,1390,1970,427.87,594739.3
2023-03-01,PT0025,Packaging,1399,1562,358.47,501499.53
2023-03-01,PT0026,WIP,860,817,26.5,22790.0
2023-03-01,PT0027,Finished Goods,217,1864,354.02,76822.34
2023-03-01,PT0028,WIP,1146,1235,305.11,349656.06
2023-03-01,PT0029,MRO,2337,603,223.48,522272.76
2023-03-01,PT0030,Finished Goods,1241,1214,112.15,139178.15
2023-03-01,PT0031,Finished Goods,3790,1075,168.99,640472.1
2023-03-01,PT0032,MRO,4136,1419,460.25,1903594.0
2023-03-01,PT0033,Finished Goods,490,604,426.21,208842.9
2023-03-01,PT0034,MRO,1110,536,457.54,507869.4
2023-03-01,PT0035,MRO,3988,307,349.6,1394204.8
2023-03-01,PT0036,Packaging,2473,210,104.35,258057.55
2023-03-01,PT0037,Packaging,3409,922,386.13,1316317.17
2023-03-01,PT0038,Raw Material,4936,1172,13.01,64217.36
2023-03-01,PT0039,MRO,2438,355,272.24,663721.12
2023-03-01,PT0040,Packaging,4792,1167,247.54,1186211.68
2023-04-01,PT0001,WIP,2177,268,34.36,74801.72
2023-04-01,PT0002,Raw Material,1087,867,64.59,70209.33
2023-04-01,PT0003,Finished Goods,3898,1985,246.61,961285.78
2023-04-01,PT0004,Raw Material,1524,582,469.32,715243.68
2023-04-01,PT0005,Packaging,64,701,288.21,18445.44
2023-04-01,PT0006,Finished Goods,4743,1163,229.07,1086479.01
2023-04-01,PT0007,Raw Material,4381,1522,177.0,775437.0
2023-04-01,PT0008,Finished Goods,2923,1827,112.8,329714.4
2023-04-01,PT0009,MRO,1008,1332,171.51,172882.08
2023-04-01,PT0010,WIP,1876,587,482.06,904344.56
2023-04-01,PT0011,WIP,2304,114,445.98,1027537.92
2023-04-01,PT0012,MRO,4261,1581,336.28,1432889.08
2023-04-01,PT0013,Raw Material,1823,145,202.45,369066.35
2023-04-01,PT0014,WIP,2445,488,287.62,703230.9
2023-04-01,PT0015,Finished Goods,4472,1535,452.65,2024250.8
2023-04-01,PT0016,Finished Goods,218,1520,415.95,90677.1
2023-04-01,PT0017,MRO,1061,319,103.47,109781.67
2023-04-01,PT0018,Packaging,875,1626,81.41,71233.75
2023-04-01,PT0019,Raw Material,2577,1305,90.55,233347.35
2023-04-01,PT0020,WIP,4235,161,48.17,203999.95
2023-04-01,PT0021,Finished Goods,4111,1996,126.03,518109.33
2023-04-01,PT0022,Packaging,1831,1571,246.27,450920.37
2023-04-01,PT0023,MRO,3783,106,309.2,1169703.6
2023-04-01,PT0024,MRO,281,909,30.6,8598.6
2023-04-01,PT0025,Raw Material,213,1307,302.48,64428.24
2023-04-01,PT0026,MRO,3202,1369,452.5,1448905.0
2023-04-01,PT0027,WIP,3365,367,92.0,309580.0
2023-04-01,PT0028,Finished Goods,1706,266,346.91,591828.46
2023-04-01,PT0029,MRO,1302,6,164.0,213528.0
2023-04-01,PT0030,MRO,480,522,295.07,141633.6
2023-04-01,PT0031,MRO,4255,1272,21.84,92929.2
2023-04-01,PT0032,WIP,4286,1021,215.25,922561.5
2023-04-01,PT0033,MRO,1385,1434,322.67,446897.95
2023-04-01,PT0034,WIP,3610,1711,301.8,1089498.0
2023-04-01,PT0035,WIP,941,1660,190.1,178884.1
2023-04-01,PT0036,Packaging,2320,548,147.51,342223.2
2023-04-01,PT0037,Raw Material,4852,1116,420.52,2040363.04
2023-04-01,PT0038,WIP,3018,926,476.22,1437231.96
2023-04-01,PT0039,Packaging,1406,818,76.62,107727.72
2023-04-01,PT0040,WIP,196,206,360.69,70695.24
2023-05-01,PT0001,MRO,2932,214,390.08,1143714.56
2023-05-01,PT0002,Finished Goods,4779,642,293.58,1403018.82
2023-05-01,PT0003,WIP,2377,914,234.91,558381.07
2023-05-01,PT0004,Packaging,4097,1961,403.54,1653303.38
2023-05-01,PT0005,Raw Material,2765,1504,176.74,488686.1
2023-05-01,PT0006,WIP,1727,144,95.65,165187.55
2023-05-01,PT0007,MRO,1915,145,279.52,535280.8
2023-05-01,PT0008,WIP,4105,674,311.85,1280144.25
2023-05-01,PT0009,MRO,3515,1534,427.03,1501010.45
2023-05-01,PT0010,Raw Material,3158,738,417.15,1317359.7
2023-05-01,PT0011,Raw Material,217,1642,71.26,15463.42
2023-05-01,PT0012,Raw Material,1455,1021,381.69,555358.95
2023-05-01,PT0013,Packaging,4662,730,207.15,965733.3
2023-05-01,PT0014,Packaging,3851,115,325.93,1255156.43
2023-05-01,PT0015,Raw Material,1075,1929,171.87,184760.25
2023-05-01,PT0016,Finished Goods,487,1791,112.17,54626.79
2023-05-01,PT0017,MRO,72,677,95.76,6894.72
2023-05-01,PT0018,WIP,3188,1224,430.54,1372561.52
2023-05-01,PT0019,WIP,4607,957,84.82,390765.74
2023-05-01,PT0020,Packaging,1424,1451,440.06,626645.44
2023-05-01,PT0021,MRO,3202,1586,140.97,451385.94
2023-05-01,PT0022,WIP,4273,1385,88.86,379698.78
2023-05-01,PT0023,Packaging,1642,181,232.04,381009.68
2023-05-01,PT0024,Raw Material,2900,334,362.86,1052294.0
2023-05-01,PT0025,Finished Goods,1740,1103,369.03,642112.2
2023-05-01,PT0026,MRO,265,910,67.15,17794.75
2023-05-01,PT0027,Finished Goods,1629,1500,217.73,354682.17
2023-05-01,PT0028,Raw Material,2505,514,152.31,381536.55
2023-05-01,PT0029,Packaging,992,1215,131.64,130586.88
2023-05-01,PT0030,Packaging,2263,646,183.73,415780.99
2023-05-01,PT0031,Packaging,3198,360,471.1,1506577.8
2023-05-01,PT0032,Finished Goods,4579,569,325.36,1489823.44
2023-05-01,PT0033,Raw Material,1205,1570,468.52,564566.6
2023-05-01,PT0034,MRO,659,1728,218.06,143701.54
2023-05-01,PT0035,Finished Goods,1922,1363,219.85,422551.7
2023-05-01,PT0036,MRO,95,1325,257.23,24436.85
2023-05-01,PT0037,MRO,949,1834,30.87,29295.63
2023-05-01,PT0038,Packaging,776,1323,77.8,60372.8
2023-05-01,PT0039,Raw Material,1618,183,383.82,621020.76
2023-05-01,PT0040,Packaging,1119,38,212.18,237429.42
2023-06-01,PT0001,MRO,913,560,173.85,158725.05
2023-06-01,PT0002,Finished Goods,3107,848,402.33,1250039.31
2023-06-01,PT0003,MRO,682,1268,461.49,314736.18
2023-06-01,PT0004,MRO,3811,1405,391.4,1491625.4
2023-06-01,PT0005,MRO,805,1474,386.67,311269.35
2023-06-01,PT0006,Finished Goods,2264,480,28.84,65293.76
2023-06-01,PT0007,Finished Goods,714,2,482.49,344497.86
2023-06-01,PT0008,WIP,3097,700,191.74,593818.78
2023-06-01,PT0009,MRO,2541,945,185.12,470389.92
2023-06-01,PT0010,Finished Goods,3284,742,204.79,672530.36
2023-06-01,PT0011,MRO,1190,1204,428.26,509629.4
2023-06-01,PT0012,MRO,2514,171,233.95,588150.3
2023-06-01,PT0013,Raw Material,3598,1064,165.37,595001.26
2023-06-01,PT0014,Finished Goods,1294,494,298.9,386776.6
2023-06-01,PT0015,WIP,2482,1825,28.8,71481.6
2023-06-01,PT0016,MRO,1572,240,369.57,580964.04
2023-06-01,PT0017,Finished Goods,241,1769,341.68,82344.88
2023-06-01,PT0018,MRO,3123,1947,406.77,1270342.71
2023-06-01,PT0019,Finished Goods,3841,450,108.8,417900.8
2023-06-01,PT0020,Raw Material,2477,337,157.85,390994.45
2023-06-01,PT0021,Packaging,4070,1452,290.27,1181398.9
2023-06-01,PT0022,Packaging,3473,305,36.42,126486.66
2023-06-01,PT0023,Packaging,4764,1644,100.15,477114.6
2023-06-01,PT0024,MRO,510,980,56.27,28697.7
2023-06-01,PT0025,Raw Material,463,884,416.78,192969.14
2023-06-01,PT0026,MRO,4997,111,61.25,306066.25
2023-06-01,PT0027,WIP,3815,118,211.65,807444.75
2023-06-01,PT0028,Finished Goods,2255,242,280.51,632550.05
2023-06-01,PT0029,Raw Material,4753,1310,224.51,1067096.03
2023-06-01,PT0030,MRO,3578,1381,216.28,773849.84
2023-06-01,PT0031,WIP,4762,583,52.64,250671.68
2023-06-01,PT0032,MRO,4700,1904,216.33,1016751.0
2023-06-01,PT0033,Packaging,448,1125,189.34,84824.32
2023-06-01,PT0034,MRO,3492,1694,133.33,465588.36
2023-06-01,PT0035,Raw Material,1275,1239,418.9,534097.5
2023-06-01,PT0036,Packaging,4253,1371,108.16,460004.48
2023-06-01,PT0037,MRO,2597,1458,263.56,684465.32
2023-06-01,PT0038,MRO,4663,1104,220.74,1029310.62
2023-06-01,PT0039,Packaging,1304,524,439.8,573499.2
2023-06-01,PT0040,WIP,3353,1087,222.17,744936.01
2023-07-01,PT0001,MRO,3579,362,262.03,937805.37
2023-07-01,PT0002,MRO,4164,383,478.49,1992432.36
2023-07-01,PT0003,WIP,342,1167,8.39,2869.38
2023-07-01,PT0004,MRO,2707,527,33.77,91415.39
2023-07-01,PT0005,MRO,4886,726,395.44,1932119.84
2023-07-01,PT0006,Raw Material,1642,1744,58.31,95745.02
2023-07-01,PT0007,WIP,1290,1488,188.09,242636.1
2023-07-01,PT0008,Raw Material,2733,782,34.17,93386.61
2023-07-01,PT0009,MRO,4325,1980,371.48,1606651.0
2023-07-01,PT0010,Raw Material,4438,326,136.16,604278.08
2023-07-01,PT0011,Packaging,2456,1540,90.56,222415.36
2023-07-01,PT0012,MRO,1025,1312,151.39,155174.75
2023-07-01,PT0013,WIP,3491,1622,219.33,765681.03
2023-07-01,PT0014,Finished Goods,2331,1372,29.49,68741.19
2023-07-01,PT0015,WIP,1824,1353,322.84,588860.16
2023-07-01,PT0016,Raw Material,4719,836,182.81,862680.39
2023-07-01,PT0017,WIP,4462,175,228.88,1021262.56
2023-07-01,PT0018,WIP,563,746,59.51,33504.13
2023-07-01,PT0019,Raw Material,660,1452,249.86,164907.6
2023-07-01,PT0020,WIP,4803,1645,186.43,895423.29
2023-07-01,PT0021,Raw Material,3655,1216,15.21,55592.55
2023-07-01,PT0022,Raw Material,2550,576,149.11,380230.5
2023-07-01,PT0023,Packaging,2893,1397,128.78,372560.54
2023-07-01,PT0024,Packaging,854,1238,33.82,28882.28
2023-07-01,PT0025,WIP,1325,1012,299.83,397274.75
2023-07-01,PT0026,Packaging,812,1772,274.94,223251.28
2023-07-01,PT0027,Raw Material,1365,888,302.74,413240.1
2023-07-01,PT0028,Packaging,222,1277,290.32,64451.04
2023-07-01,PT0029,Packaging,3539,1960,409.68,1449857.52
2023-07-01,PT0030,Raw Material,4331,148,311.54,1349279.74
2023-07-01,PT0031,Finished Goods,711,878,151.26,107545.86
2023-07-01,PT0032,MRO,3234,196,422.8,1367335.2
2023-07-01,PT0033,Raw Material,3872,1402,232.61,900665.92
2023-07-01,PT0034,WIP,2329,334,405.51,944432.79
2023-07-01,PT0035,Raw Material,3890,102,199.95,777805.5
2023-07-01,PT0036,Packaging,2854,1516,470.08,1341608.32
2023-07-01,PT0037,Packaging,2873,1135,361.5,1038589.5
2023-07-01,PT0038,WIP,145,522,137.66,19960.7
2023-07-01,PT0039,Packaging,4019,1457,314.93,1265703.67
2023-07-01,PT0040,Packaging,2690,1437,472.92,1272154.8
2023-08-01,PT0001,MRO,105,68,87.73,9211.65
2023-08-01,PT0002,WIP,734,748,30.83,22629.22
2023-08-01,PT0003,Raw Material,4309,1771,362.64,1562615.76
2023-08-01,PT0004,MRO,2897,1207,47.07,136361.79
2023-08-01,PT0005,Packaging,1508,1583,296.28,446790.24
2023-08-01,PT0006,WIP,2538,1297,333.62,846727.56
2023-08-01,PT0007,MRO,873,1249,204.83,178816.59
2023-08-01,PT0008,Finished Goods,2886,1769,287.08,828512.88
2023-08-01,PT0009,Packaging,1533,743,452.29,693360.57
2023-08-01,PT0010,Raw Material,360,169,291.56,104961.6
2023-08-01,PT0011,Raw Material,3355,475,68.26,229012.3
2023-08-01,PT0012,WIP,1146,296,129.09,147937.14
2023-08-01,PT0013,MRO,4033,1428,446.08,1799040.64
2023-08-01,PT0014,MRO,2731,1182,28.97,79117.07
2023-08-01,PT0015,Finished Goods,1405,865,412.79,579969.95
2023-08-01,PT0016,Packaging,3002,1518,85.64,257091.28
2023-08-01,PT0017,Finished Goods,2329,524,129.84,302397.36
2023-08-01,PT0018,Packaging,798,493,382.63,305338.74
2023-08-01,PT0019,Packaging,1010,247,308.21,311292.1
2023-08-01,PT0020,Finished Goods,2826,977,315.14,890585.64
2023-08-01,PT0021,MRO,866,1376,292.97,253712.02
2023-08-01,PT0022,Finished Goods,890,431,422.32,375864.8
2023-08-01,PT0023,Packaging,3019,754,265.78,802389.82
2023-08-01,PT0024,WIP,1727,963,78.3,135224.1
2023-08-01,PT0025,Finished Goods,1817,1248,9.22,16752.74
2023-08-01,PT0026,MRO,3841,654,119.37,458500.17
2023-08-01,PT0027,WIP,1275,1395,396.13,505065.75
2023-08-01,PT0028,WIP,1972,514,73.53,145001.16
2023-08-01,PT0029,WIP,1725,1165,48.82,84214.5
2023-08-01,PT0030,Finished Goods,4003,1621,387.38,1550682.14
2023-08-01,PT0031,Packaging,2719,1931,429.92,1168952.48
2023-08-01,PT0032,MRO,103,1005,82.49,8496.47
2023-08-01,PT0033,WIP,3112,38,430.23,1338875.76
2023-08-01,PT0034,Raw Material,2171,1754,205.3,445706.3
2023-08-01,PT0035,Finished Goods,4336,90,374.65,1624482.4
2023-08-01,PT0036,Finished Goods,1448,1255,379.78,549921.44
2023-08-01,PT0037,Finished Goods,4482,326,22.6,101293.2
2023-08-01,PT0038,Packaging,3042,1504,185.39,563956.38
2023-08-01,PT0039,Finished Goods,1522,1180,254.16,386831.52
2023-08-01,PT0040,WIP,3751,47,420.97,1579058.47
2023-09-01,PT0001,MRO,1338,1290,425.48,569292.24
2023-09-01,PT0002,Finished Goods,3843,1482,421.76,1620823.68
2023-09-01,PT0003,WIP,4339,123,186.11,807531.29
2023-09-01,PT0004,Finished Goods,1139,1692,172.37,196329.43
2023-09-01,PT0005,WIP,1711,1919,204.22,349420.42
2023-09-01,PT0006,Raw Material,3819,764,471.47,1800543.93
2023-09-01,PT0007,Raw Material,3081,405,33.15,102135.15
2023-09-01,PT0008,WIP,3730,1530,309.33,1153800.9
2023-09-01,PT0009,Raw Material,1811,1711,479.31,868030.41
2023-09-01,PT0010,Finished Goods,2389,1919,372.57,890069.73
2023-09-01,PT0011,MRO,2814,1550,232.56,654423.84
2023-09-01,PT0012,MRO,4513,1043,413.2,1864771.6
2023-09-01,PT0013,MRO,4044,183,104.57,422881.08
2023-09-01,PT0014,WIP,4884,1203,478.85,2338703.4
2023-09-01,PT0015,Packaging,4350,63,230.5,1002675.0
2023-09-01,PT0016,Finished Goods,1559,1105,122.24,190572.16
2023-09-01,PT0017,Packaging,666,1634,268.24,178647.84
2023-09-01,PT0018,WIP,1876,1349,342.4,642342.4
2023-09-01,PT0019,Packaging,2754,927,190.84,525573.36
2023-09-01,PT0020,Finished Goods,4037,1622,410.23,1656098.51
2023-09-01,PT0021,MRO,2410,680,132.69,319782.9
2023-09-01,PT0022,Raw Material,2734,1898,78.99,215958.66
2023-09-01,PT0023,MRO,1434,313,77.14,110618.76
2023-09-01,PT0024,Raw Material,1733,1607,263.85,457252.05
2023-09-01,PT0025,Finished Goods,2150,1385,374.8,805820.0
2023-09-01,PT0026,Finished Goods,1127,1204,388.49,437828.23
2023-09-01,PT0027,Packaging,3217,249,334.08,1074735.36
2023-09-01,PT0028,WIP,3716,153,252.34,937695.44
2023-09-01,PT0029,Packaging,3130,90,329.53,1031428.9
2023-09-01,PT0030,MRO,1708,1239,277.67,474260.36
2023-09-01,PT0031,Packaging,658,75,129.39,85138.62
2023-09-01,PT0032,MRO,4385,408,320.0,1403200.0
2023-09-01,PT0033,Packaging,1204,144,350.11,421532.44
2023-09-01,PT0034,MRO,4819,1057,72.8,350823.2
2023-09-01,PT0035,MRO,1569,992,9.6,15062.4
2023-09-01,PT0036,Packaging,4108,1628,182.6,750120.8
2023-09-01,PT0037,Raw Material,2060,863,364.47,750808.2
2023-09-01,PT0038,WIP,3001,771,308.39,925478.39
2023-09-01,PT0039,Packaging,3451,1869,163.2,563203.2
2023-09-01,PT0040,WIP,333,1406,154.96,51601.68
2023-10-01,PT0001,Packaging,2508,150,187.45,470124.6
2023-10-01,PT0002,WIP,1427,1120,105.88,151090.76
2023-10-01,PT0003,Packaging,4821,1382,266.09,1282819.89
2023-10-01,PT0004,Raw Material,4542,1821,329.33,1495816.86
2023-10-01,PT0005,Packaging,4301,1916,369.05,1587284.05
2023-10-01,PT0006,MRO,4353,140,370.42,1612438.26
2023-10-01,PT0007,Raw Material,79,942,429.22,33908.38
2023-10-01,PT0008,Raw Material,1478,1872,138.73,205042.94
2023-10-01,PT0009,WIP,260,500,342.18,88966.8
2023-10-01,PT0010,MRO,4208,1331,249.22,1048717.76
2023-10-01,PT0011,Finished Goods,4191,586,476.1,1995335.1
2023-10-01,PT0012,Finished Goods,2278,428,379.84,865275.52
2023-10-01,PT0013,MRO,975,1721,67.31,65627.25
2023-10-01,PT0014,WIP,4099,1015,86.35,353948.65
2023-10-01,PT0015,MRO,4629,1600,104.99,485998.71
2023-10-01,PT0016,WIP,645,1464,376.81,243042.45
2023-10-01,PT0017,Packaging,4181,112,39.13,163602.53
2023-10-01,PT0018,Finished Goods,2483,1430,114.89,285271.87
2023-10-01,PT0019,WIP,4893,960,25.01,122373.93
2023-10-01,PT0020,Packaging,2748,1963,469.83,1291092.84
2023-10-01,PT0021,MRO,2191,361,249.84,547399.44
2023-10-01,PT0022,Raw Material,4605,1554,270.44,1245376.2
2023-10-01,PT0023,Raw Material,4355,1737,34.2,148941.0
2023-10-01,PT0024,MRO,1410,1225,137.25,193522.5
2023-10-01,PT0025,Raw Material,1921,214,346.72,666049.12
2023-10-01,PT0026,Raw Material,3215,730,79.45,255431.75
2023-10-01,PT0027,Packaging,2582,793,336.27,868249.14
2023-10-01,PT0028,Raw Material,1124,1405,107.3,120605.2
2023-10-01,PT0029,WIP,641,1002,54.07,34658.87
2023-10-01,PT0030,Packaging,188,631,57.18,10749.84
2023-10-01,PT0031,WIP,1201,1011,341.82,410525.82
2023-10-01,PT0032,Finished Goods,4567,188,256.24,1170248.08
2023-10-01,PT0033,Raw Material,1416,49,259.7,367735.2
2023-10-01,PT0034,MRO,2193,238,108.0,236844.0
2023-10-01,PT0035,MRO,3765,342,168.51,634440.15
2023-10-01,PT0036,MRO,4690,210,45.65,214098.5
2023-10-01,PT0037,Raw Material,1895,198,279.84,530296.8
2023-10-01,PT0038,Raw Material,618,941,11.48,7094.64
2023-10-01,PT0039,Packaging,1531,1551,320.38,490501.78
2023-10-01,PT0040,Finished Goods,3301,1776,33.59,110880.59
2023-11-01,PT0001,WIP,4500,1335,77.82,350190.0
2023-11-01,PT0002,Raw Material,3726,1955,38.77,144457.02
2023-11-01,PT0003,Raw Material,4684,1336,87.72,410880.48
2023-11-01,PT0004,Packaging,795,1705,430.79,342478.05
2023-11-01,PT0005,Packaging,662,1772,152.91,101226.42
2023-11-01,PT0006,Finished Goods,3224,168,189.79,611882.96
2023-11-01,PT0007,WIP,343,1916,396.2,135896.6
2023-11-01,PT0008,MRO,4071,320,241.5,983146.5
2023-11-01,PT0009,Raw Material,2362,746,307.81,727047.22
2023-11-01,PT0010,Raw Material,4730,1957,338.37,1600490.1
2023-11-01,PT0011,Packaging,1726,1412,5.97,10304.22
2023-11-01,PT0012,Finished Goods,1744,742,112.84,196792.96
2023-11-01,PT0013,Raw Material,3345,1454,56.56,189193.2
2023-11-01,PT0014,WIP,2716,1995,205.74,558789.84
2023-11-01,PT0015,Raw Material,4770,557,19.71,94016.7
2023-11-01,PT0016,MRO,4025,500,455.26,1832421.5
2023-11-01,PT0017,Raw Material,3025,1363,426.37,1289769.25
2023-11-01,PT0018,Raw Material,2818,205,393.39,1108573.02
2023-11-01,PT0019,WIP,1078,60,109.3,117825.4
2023-11-01,PT0020,Packaging,1713,112,193.48,331431.24
2023-11-01,PT0021,Packaging,1277,600,405.34,517619.18
2023-11-01,PT0022,Raw Material,814,1306,233.02,189678.28
2023-11-01,PT0023,WIP,3487,849,165.57,577342.59
2023-11-01,PT0024,Finished Goods,4665,102,117.75,549303.75
2023-11-01,PT0025,WIP,1895,1353,386.26,731962.7
2023-11-01,PT0026,Packaging,3014,984,463.74,1397712.36
2023-11-01,PT0027,Finished Goods,878,1204,99.3,87185.4
2023-11-01,PT0028,Finished Goods,209,1438,424.01,88618.09
2023-11-01,PT0029,Raw Material,4577,611,15.85,72545.45
2023-11-01,PT0030,Raw Material,3139,999,191.57,601338.23
2023-11-01,PT0031,Finished Goods,2590,881,23.63,61201.7
2023-11-01,PT0032,Packaging,1043,548,118.86,123970.98
2023-11-01,PT0033,MRO,195,461,177.51,34614.45
2023-11-01,PT0034,Packaging,3082,1776,125.86,387900.52
2023-11-01,PT0035,Finished Goods,2429,795,249.0,604821.0
2023-11-01,PT0036,Finished Goods,530,200,312.67,165715.1
2023-11-01,PT0037,Packaging,4947,43,53.43,264318.21
2023-11-01,PT0038,WIP,67,194,105.57,7073.19
2023-11-01,PT0039,MRO,911,1228,474.16,431959.76
2023-11-01,PT0040,Packaging,4997,14,266.69,1332649.93
2023-12-01,PT0001,MRO,4914,229,361.54,1776607.56
2023-12-01,PT0002,MRO,314,934,371.92,116782.88
2023-12-01,PT0003,Finished Goods,4788,1894,60.39,289147.32
2023-12-01,PT0004,WIP,3830,969,190.62,730074.6
2023-12-01,PT0005,Finished Goods,2348,821,389.66,914921.68
2023-12-01,PT0006,Raw Material,1356,1355,429.7,582673.2
2023-12-01,PT0007,WIP,4270,1284,327.53,1398553.1
2023-12-01,PT0008,Finished Goods,4998,1380,480.95,2403788.1
2023-12-01,PT0009,MRO,4456,1801,169.34,754579.04
2023-12-01,PT0010,Packaging,4138,1606,403.76,1670758.88
2023-12-01,PT0011,WIP,78,526,7.4,577.2
2023-12-01,PT0012,Packaging,708,1822,474.91,336236.28
2023-12-01,PT0013,Raw Material,3191,1603,402.21,1283452.11
2023-12-01,PT0014,Finished Goods,4046,771,112.26,454203.96
2023-12-01,PT0015,Finished Goods,2437,1608,45.15,110030.55
2023-12-01,PT0016,WIP,3892,235,351.15,1366675.8
2023-12-01,PT0017,Packaging,2470,690,453.93,1121207.1
2023-12-01,PT0018,WIP,2479,744,33.59,83269.61
2023-12-01,PT0019,Packaging,175,1960,180.16,31528.0
2023-12-01,PT0020,Packaging,457,297,466.15,213030.55
2023-12-01,PT0021,Packaging,3544,1472,435.66,1543979.04
2023-12-01,PT0022,Packaging,3904,400,171.42,669223.68
2023-12-01,PT0023,Finished Goods,2133,276,207.43,442448.19
2023-12-01,PT0024,MRO,4911,520,334.43,1642385.73
2023-12-01,PT0025,WIP,810,77,201.69,163368.9
2023-12-01,PT0026,Packaging,4315,1925,14.47,62438.05
2023-12-01,PT0027,WIP,514,1320,128.47,66033.58
2023-12-01,PT0028,Packaging,3577,1361,58.68,209898.36
2023-12-01,PT0029,Finished Goods,1285,1712,215.74,277225.9
2023-12-01,PT0030,WIP,3651,605,204.35,746081.85
2023-12-01,PT0031,Raw Material,3555,26,239.88,852773.4
2023-12-01,PT0032,WIP,1440,687,86.19,124113.6
2023-12-01,PT0033,Finished Goods,1706,1353,440.64,751731.84
2023-12-01,PT0034,Raw Material,814,921,93.31,75954.34
2023-12-01,PT0035,MRO,1579,1118,92.47,146010.13
2023-12-01,PT0036,Raw Material,2887,612,440.36,1271319.32
2023-12-01,PT0037,Raw Material,2228,1390,239.79,534252.12
2023-12-01,PT0038,Raw Material,2076,919,48.92,101557.92
2023-12-01,PT0039,Packaging,4550,549,19.95,90772.5
2023-12-01,PT0040,Packaging,980,912,81.98,80340.4
2024-01-01,PT0001,WIP,1780,1546,298.55,531419.0
2024-01-01,PT0002,Packaging,896,53,360.95,323411.2
2024-01-01,PT0003,Packaging,4842,866,81.45,394380.9
2024-01-01,PT0004,Finished Goods,943,279,211.94,199859.42
2024-01-01,PT0005,Raw Material,3185,583,379.55,1208866.75
2024-01-01,PT0006,MRO,3398,1713,136.53,463928.94
2024-01-01,PT0007,MRO,3847,1136,183.93,707578.71
2024-01-01,PT0008,Finished Goods,2760,1841,187.01,516147.6
2024-01-01,PT0009,Raw Material,2941,118,270.33,795040.53
2024-01-01,PT0010,Raw Material,2554,507,315.53,805863.62
2024-01-01,PT0011,Packaging,1321,729,282.52,373208.92
2024-01-01,PT0012,MRO,4802,1185,428.44,2057368.88
2024-01-01,PT0013,WIP,1031,16,250.81,258585.11
2024-01-01,PT0014,WIP,2793,1566,253.87,709058.91
2024-01-01,PT0015,Raw Material,4381,1384,123.55,541272.55
2024-01-01,PT0016,WIP,2782,288,158.03,439639.46
2024-01-01,PT0017,Raw Material,4486,1559,121.25,543927.5
2024-01-01,PT0018,MRO,4673,241,165.27,772306.71
2024-01-01,PT0019,Packaging,1050,1763,370.43,388951.5
2024-01-01,PT0020,Packaging,4384,72,384.47,1685516.48
2024-01-01,PT0021,Finished Goods,1730,1657,92.09,159315.7
2024-01-01,PT0022,Packaging,399,1741,374.69,149501.31
2024-01-01,PT0023,Finished Goods,3597,1001,96.47,347002.59
2024-01-01,PT0024,WIP,4484,460,431.71,1935787.64
2024-01-01,PT0025,Raw Material,4369,592,112.03,489459.07
2024-01-01,PT0026,Raw Material,3578,1305,52.97,189526.66
2024-01-01,PT0027,MRO,3341,1213,226.34,756201.94
2024-01-01,PT0028,WIP,583,1191,338.35,197258.05
2024-01-01,PT0029,Raw Material,2740,26,356.87,977823.8
2024-01-01,PT0030,MRO,4790,938,427.66,2048491.4
2024-01-01,PT0031,Raw Material,4023,600,292.91,1178376.93
2024-01-01,PT0032,Finished Goods,2322,50,170.58,396086.76
2024-01-01,PT0033,MRO,1003,1821,287.7,288563.1
2024-01-01,PT0034,Finished Goods,3774,1635,121.79,459635.46
2024-01-01,PT0035,MRO,4574,1317,229.67,1050510.58
2024-01-01,PT0036,Finished Goods,2650,1525,121.04,320756.0
2024-01-01,PT0037,Finished Goods,3528,1245,201.85,712126.8
2024-01-01,PT0038,Finished Goods,3833,1279,291.74,1118239.42
2024-01-01,PT0039,WIP,1525,1509,274.24,418216.0
2024-01-01,PT0040,MRO,3948,447,111.83,441504.84
2024-02-01,PT0001,WIP,1920,1001,467.29,897196.8
2024-02-01,PT0002,Raw Material,695,1169,94.49,65670.55
2024-02-01,PT0003,Raw Material,3371,1566,160.02,539427.42
2024-02-01,PT0004,Finished Goods,944,1892,332.16,313559.04
2024-02-01,PT0005,Finished Goods,1963,631,32.85,64484.55
2024-02-01,PT0006,WIP,3722,813,12.66,47120.52
2024-02-01,PT0007,Packaging,1939,307,317.03,614721.17
2024-02-01,PT0008,Packaging,3686,787,378.93,1396735.98
2024-02-01,PT0009,Packaging,3584,68,43.92,157409.28
2024-02-01,PT0010,Finished Goods,760,1194,393.49,299052.4
2024-02-01,PT0011,Raw Material,110,327,229.66,25262.6
2024-02-01,PT0012,Finished Goods,1997,876,92.29,184303.13
2024-02-01,PT0013,WIP,1811,947,215.49,390252.39
2024-02-01,PT0014,WIP,601,446,260.21,156386.21
2024-02-01,PT0015,Raw Material,2202,394,256.07,563866.14
2024-02-01,PT0016,Finished Goods,2871,1760,38.72,111165.12
2024-02-01,PT0017,MRO,3633,1535,347.85,1263739.05
2024-02-01,PT0018,Packaging,1068,133,71.44,76297.92
2024-02-01,PT0019,Raw Material,2400,944,359.77,863448.0
2024-02-01,PT0020,MRO,1447,51,448.91,649572.77
2024-02-01,PT0021,MRO,3828,1103,101.4,388159.2
2024-02-01,PT0022,MRO,1925,1501,429.91,827576.75
2024-02-01,PT0023,Finished Goods,2348,1689,153.06,359384.88
2024-02-01,PT0024,Finished Goods,3470,1783,452.06,1568648.2
2024-02-01,PT0025,Finished Goods,1639,131,220.62,361596.18
2024-02-01,PT0026,Raw Material,4243,1093,378.1,1604278.3
2024-02-01,PT0027,Finished Goods,3363,824,288.36,969754.68
2024-02-01,PT0028,WIP,204,28,230.92,47107.68
2024-02-01,PT0029,Packaging,4331,1818,421.4,1825083.4
2024-02-01,PT0030,Packaging,4545,398,132.07,600258.15
2024-02-01,PT0031,Raw Material,4531,1367,62.61,283685.91
2024-02-01,PT0032,Finished Goods,902,828,231.17,208515.34
2024-02-01,PT0033,Finished Goods,130,1063,437.7,56901.0
2024-02-01,PT0034,Packaging,2217,1837,469.55,1040992.35
2024-02-01,PT0035,Raw Material,359,1538,247.73,88935.07
2024-02-01,PT0036,WIP,3344,1651,138.23,462241.12
2024-02-01,PT0037,WIP,1446,885,270.65,391359.9
2024-02-01,PT0038,Raw Material,2198,1418,227.97,501078.06
2024-02-01,PT0039,MRO,4515,936,18.9,85333.5
2024-02-01,PT0040,WIP,3604,1709,371.18,1337732.72
2024-03-01,PT0001,WIP,4670,399,40.23,187874.1
2024-03-01,PT0002,Raw Material,1606,924,251.6,404069.6
2024-03-01,PT0003,WIP,4878,1511,370.7,1808274.6
2024-03-01,PT0004,WIP,106,625,253.45,26865.7
2024-03-01,PT0005,Finished Goods,1927,6,5.76,11099.52
2024-03-01,PT0006,Packaging,1932,567,382.28,738564.96
2024-03-01,PT0007,Packaging,712,822,56.51,40235.12
2024-03-01,PT0008,Finished Goods,2139,1189,238.97,511156.83
2024-03-01,PT0009,WIP,1668,1148,352.48,587936.64
2024-03-01,PT0010,MRO,834,416,270.28,225413.52
2024-03-01,PT0011,WIP,3941,1329,449.22,1770376.02
2024-03-01,PT0012,WIP,1371,1301,430.98,590873.58
2024-03-01,PT0013,MRO,4624,211,393.24,1818341.76
2024-03-01,PT0014,Packaging,2879,1839,38.78,111647.62
2024-03-01,PT0015,WIP,1568,747,320.55,502622.4
2024-03-01,PT0016,Packaging,329,1909,260.6,85737.4
2024-03-01,PT0017,WIP,3306,996,45.14,149232.84
2024-03-01,PT0018,Raw Material,2003,500,199.4,399398.2
2024-03-01,PT0019,Packaging,3929,1554,152.51,599211.79
2024-03-01,PT0020,Packaging,159,316,222.07,35309.13
2024-03-01,PT0021,Packaging,4947,29,240.43,1189407.21
2024-03-01,PT0022,MRO,2105,1086,79.63,167621.15
2024-03-01,PT0023,Packaging,2823,1423,36.74,103717.02
2024-03-01,PT0024,Raw Material,771,854,122.25,94254.75
2024-03-01,PT0025,MRO,1472,1087,261.62,385104.64
2024-03-01,PT0026,Packaging,3689,1248,325.39,1200363.71
2024-03-01,PT0027,WIP,4474,673,292.84,1310166.16
2024-03-01,PT0028,Packaging,524,1591,110.24,57765.76
2024-03-01,PT0029,Packaging,1555,1612,433.26,673719.3
2024-03-01,PT0030,MRO,4284,197,314.31,1346504.04
2024-03-01,PT0031,Finished Goods,2903,511,207.9,603533.7
2024-03-01,PT0032,Packaging,3504,1208,155.31,544206.24
2024-03-01,PT0033,Packaging,2040,1938,354.3,722772.0
2024-03-01,PT0034,WIP,1421,1295,23.12,32853.52
2024-03-01,PT0035,Finished Goods,3444,203,395.36,1361619.84
2024-03-01,PT0036,Raw Material,1354,473,166.87,225941.98
2024-03-01,PT0037,Raw Material,3235,1020,396.99,1284262.65
2024-03-01,PT0038,Packaging,4768,572,16.67,79482.56
2024-03-01,PT0039,MRO,743,567,239.51,177955.93
2024-03-01,PT0040,Raw Material,4648,1817,412.03,1915115.44
2024-04-01,PT0001,Raw Material,3634,215,125.69,456757.46
2024-04-01,PT0002,WIP,4652,412,20.42,94993.84
2024-04-01,PT0003,MRO,4543,914,64.34,292296.62
2024-04-01,PT0004,Finished Goods,3348,380,245.58,822201.84
2024-04-01,PT0005,WIP,4510,1324,396.35,1787538.5
2024-04-01,PT0006,Packaging,625,982,207.91,129943.75
2024-04-01,PT0007,WIP,1114,1633,389.94,434393.16
2024-04-01,PT0008,MRO,3386,51,224.06,758667.16
2024-04-01,PT0009,MRO,1592,1251,472.57,752331.44
2024-04-01,PT0010,Finished Goods,2017,834,311.6,628497.2
2024-04-01,PT0011,Packaging,4818,100,277.05,1334826.9
2024-04-01,PT0012,MRO,3937,597,176.07,693187.59
2024-04-01,PT0013,Raw Material,4913,1123,339.3,1666980.9
2024-04-01,PT0014,Finished Goods,3451,828,313.43,1081646.93
2024-04-01,PT0015,WIP,3946,1518,328.41,1295905.86
2024-04-01,PT0016,Finished Goods,751,1855,203.45,152790.95
2024-04-01,PT0017,Packaging,1863,701,133.91,249474.33
2024-04-01,PT0018,MRO,4112,1821,221.02,908834.24
2024-04-01,PT0019,Packaging,1181,1409,177.26,209344.06
2024-04-01,PT0020,Packaging,2828,1034,135.95,384466.6
2024-04-01,PT0021,WIP,4438,1992,202.25,897585.5
2024-04-01,PT0022,Packaging,1621,900,442.54,717357.34
2024-04-01,PT0023,Finished Goods,4683,1851,153.07,716826.81
2024-04-01,PT0024,WIP,3141,76,94.23,295976.43
2024-04-01,PT0025,Finished Goods,2237,664,65.48,146478.76
2024-04-01,PT0026,Raw Material,3244,1016,90.52,293646.88
2024-04-01,PT0027,Raw Material,3977,1663,77.48,308137.96
2024-04-01,PT0028,Packaging,2776,1616,86.0,238736.0
2024-04-01,PT0029,Packaging,636,1870,270.48,172025.28
2024-04-01,PT0030,MRO,77,1971,368.73,28392.21
2024-04-01,PT0031,WIP,3417,426,213.91,730930.47
2024-04-01,PT0032,WIP,70,456,286.74,20071.8
2024-04-01,PT0033,Packaging,303,622,481.54,145906.62
2024-04-01,PT0034,WIP,787,1280,239.33,188352.71
2024-04-01,PT0035,WIP,4546,1920,213.37,969980.02
2024-04-01,PT0036,Raw Material,3124,652,249.78,780312.72
2024-04-01,PT0037,Finished Goods,174,1073,416.77,72517.98
2024-04-01,PT0038,MRO,882,1258,377.26,332743.32
2024-04-01,PT0039,Packaging,75,1774,225.66,16924.5
2024-04-01,PT0040,MRO,4165,423,411.64,1714480.6
2024-05-01,PT0001,Packaging,705,481,384.01,270727.05
2024-05-01,PT0002,WIP,314,340,302.85,95094.9
2024-05-01,PT0003,MRO,4867,595,385.77,1877542.59
2024-05-01,PT0004,WIP,400,135,175.7,70280.0
2024-05-01,PT0005,MRO,3035,747,182.7,554494.5
2024-05-01,PT0006,Finished Goods,4321,774,231.58,1000657.18
2024-05-01,PT0007,WIP,4598,145,308.7,1419402.6
2024-05-01,PT0008,Raw Material,4108,1371,333.25,1368991.0
2024-05-01,PT0009,Raw Material,3280,121,380.88,1249286.4
2024-05-01,PT0010,Finished Goods,3972,430,480.53,1908665.16
2024-05-01,PT0011,Packaging,2375,237,348.49,827663.75
2024-05-01,PT0012,Raw Material,104,1595,278.61,28975.44
2024-05-01,PT0013,Raw Material,3159,1695,362.62,1145516.58
2024-05-01,PT0014,Raw Material,597,1351,199.37,119023.89
2024-05-01,PT0015,Finished Goods,699,902,95.95,67069.05
2024-05-01,PT0016,MRO,1397,600,198.33,277067.01
2024-05-01,PT0017,Finished Goods,3135,1230,337.17,1057027.95
2024-05-01,PT0018,MRO,798,1045,341.4,272437.2
2024-05-01,PT0019,Raw Material,1935,1554,144.04,278717.4
2024-05-01,PT0020,MRO,3749,672,420.74,1577354.26
2024-05-01,PT0021,MRO,3015,538,162.88,491083.2
2024-05-01,PT0022,MRO,3199,1139,381.41,1220130.59
2024-05-01,PT0023,WIP,1529,855,131.97,201782.13
2024-05-01,PT0024,Raw Material,1978,1783,182.34,360668.52
2024-05-01,PT0025,Packaging,2591,1245,266.21,689750.11
2024-05-01,PT0026,Packaging,4870,819,462.13,2250573.1
2024-05-01,PT0027,MRO,4528,1442,352.76,1597297.28
2024-05-01,PT0028,Raw Material,2673,1059,250.45,669452.85
2024-05-01,PT0029,Packaging,934,592,19.97,18651.98
2024-05-01,PT0030,Raw Material,1877,1920,95.6,179441.2
2024-05-01,PT0031,Finished Goods,2180,683,256.51,559191.8
2024-05-01,PT0032,Raw Material,3247,247,69.14,224497.58
2024-05-01,PT0033,Packaging,3737,1254,427.02,1595773.74
2024-05-01,PT0034,Raw Material,1345,1341,420.32,565330.4
2024-05-01,PT0035,Packaging,230,1230,103.0,23690.0
2024-05-01,PT0036,Finished Goods,624,1405,144.5,90168.0
2024-05-01,PT0037,WIP,1666,562,43.4,72304.4
2024-05-01,PT0038,Finished Goods,3650,1242,161.9,590935.0
2024-05-01,PT0039,Packaging,385,973,290.34,111780.9
2024-05-01,PT0040,WIP,3223,1600,167.82,540883.86
2024-06-01,PT0001,Packaging,2094,117,236.57,495377.58
2024-06-01,PT0002,MRO,3483,713,311.61,1085337.63
2024-06-01,PT0003,MRO,1672,905,419.15,700818.8
2024-06-01,PT0004,Raw Material,3083,223,314.85,970682.55
2024-06-01,PT0005,Raw Material,1984,817,139.92,277601.28
2024-06-01,PT0006,MRO,3160,996,222.25,702310.0
2024-06-01,PT0007,Packaging,4801,1344,176.81,848864.81
2024-06-01,PT0008,WIP,1136,555,361.18,410300.48
2024-06-01,PT0009,Packaging,1836,958,187.31,343901.16
2024-06-01,PT0010,Raw Material,3913,642,286.86,1122483.18
2024-06-01,PT0011,Finished Goods,4822,242,378.59,1825560.98
2024-06-01,PT0012,WIP,2554,685,17.03,43494.62
2024-06-01,PT0013,Finished Goods,1387,1102,325.78,451856.86
2024-06-01,PT0014,Packaging,2325,1847,428.74,996820.5
2024-06-01,PT0015,Finished Goods,4378,283,100.63,440558.14
2024-06-01,PT0016,MRO,3710,826,408.02,1513754.2
2024-06-01,PT0017,Packaging,1041,482,137.04,142658.64
2024-06-01,PT0018,MRO,2258,1569,189.17,427145.86
2024-06-01,PT0019,Packaging,4196,1237,253.84,1065112.64
2024-06-01,PT0020,Packaging,116,1063,191.08,22165.28
2024-06-01,PT0021,MRO,1950,1156,252.54,492453.0
2024-06-01,PT0022,Raw Material,2483,250,478.68,1188562.44
2024-06-01,PT0023,Packaging,2700,1196,336.73,909171.0
2024-06-01,PT0024,Raw Material,2387,1249,362.39,865024.93
2024-06-01,PT0025,Raw Material,2434,533,333.98,812907.32
2024-06-01,PT0026,MRO,3802,109,137.04,521026.08
2024-06-01,PT0027,MRO,2508,558,68.94,172901.52
2024-06-01,PT0028,Finished Goods,3985,1148,352.96,1406545.6
2024-06-01,PT0029,MRO,4978,684,33.26,165568.28
2024-06-01,PT0030,Finished Goods,1386,1125,224.48,311129.28
2024-06-01,PT0031,MRO,499,934,136.28,68003.72
2024-06-01,PT0032,Finished Goods,2062,1251,475.42,980316.04
2024-06-01,PT0033,Raw Material,3177,1633,451.99,1435972.23
2024-06-01,PT0034,Raw Material,4523,344,117.93,533397.39
2024-06-01,PT0035,Packaging,303,467,456.35,138274.05
2024-06-01,PT0036,Finished Goods,4951,1247,202.21,1001141.71
2024-06-01,PT0037,Raw Material,202,1146,328.65,66387.3
2024-06-01,PT0038,Finished Goods,3984,940,260.61,1038270.24
2024-06-01,PT0039,Raw Material,3897,733,432.24,1684439.28
2024-06-01,PT0040,Raw Material,4766,1339,53.8,256410.8
2024-07-01,PT0001,Packaging,4970,1285,106.48,529205.6
2024-07-01,PT0002,WIP,3275,1983,477.82,1564860.5
2024-07-01,PT0003,MRO,3966,1416,406.61,1612615.26
2024-07-01,PT0004,Finished Goods,3281,1668,375.57,1232245.17
2024-07-01,PT0005,WIP,3975,1592,46.89,186387.75
2024-07-01,PT0006,MRO,3353,371,34.85,116852.05
2024-07-01,PT0007,MRO,3651,1504,198.58,725015.58
2024-07-01,PT0008,Packaging,3357,1847,200.89,674387.73
2024-07-01,PT0009,WIP,4651,803,386.34,1796867.34
2024-07-01,PT0010,WIP,1027,495,384.22,394593.94
2024-07-01,PT0011,Raw Material,1216,1524,455.3,553644.8
2024-07-01,PT0012,MRO,4274,862,65.14,278408.36
2024-07-01,PT0013,Finished Goods,2121,824,15.64,33172.44
2024-07-01,PT0014,MRO,2317,1161,179.22,415252.74
2024-07-01,PT0015,MRO,2612,460,220.84,576834.08
2024-07-01,PT0016,MRO,2085,1673,145.78,303951.3
2024-07-01,PT0017,Finished Goods,2806,588,468.5,1314611.0
2024-07-01,PT0018,Raw Material,3859,778,66.17,255350.03
2024-07-01,PT0019,WIP,4480,1335,25.85,115808.0
2024-07-01,PT0020,Raw Material,1496,1769,411.58,615723.68
2024-07-01,PT0021,Packaging,2136,1879,299.6,639945.6
2024-07-01,PT0022,Packaging,124,1878,81.4,10093.6
2024-07-01,PT0023,Raw Material,4876,333,383.61,1870482.36
2024-07-01,PT0024,Raw Material,3206,658,173.96,557715.76
2024-07-01,PT0025,Raw Material,2957,817,141.86,419480.02
2024-07-01,PT0026,Packaging,3480,1226,208.2,724536.0
2024-07-01,PT0027,Raw Material,702,1231,21.0,14742.0
2024-07-01,PT0028,WIP,1591,183,425.44,676875.04
2024-07-01,PT0029,Finished Goods,2511,29,66.69,167458.59
2024-07-01,PT0030,Finished Goods,1056,1900,433.05,457300.8
2024-07-01,PT0031,Finished Goods,2729,1052,309.98,845935.42
2024-07-01,PT0032,Finished Goods,1241,946,337.93,419371.13
2024-07-01,PT0033,MRO,813,1334,252.08,204941.04
2024-07-01,PT0034,WIP,4724,1521,234.28,1106738.72
2024-07-01,PT0035,WIP,1903,489,390.59,743292.77
2024-07-01,PT0036,Finished Goods,2595,1852,212.82,552267.9
2024-07-01,PT0037,WIP,4567,548,12.11,55306.37
2024-07-01,PT0038,Finished Goods,3717,806,386.82,1437809.94
2024-07-01,PT0039,MRO,1485,1810,43.02,63884.7
2024-07-01,PT0040,Packaging,3031,108,408.39,1237830.09
2024-08-01,PT0001,MRO,163,437,138.25,22534.75
2024-08-01,PT0002,Raw Material,566,1303,260.46,147420.36
2024-08-01,PT0003,MRO,1529,1307,430.84,658754.36
2024-08-01,PT0004,MRO,1201,434,180.35,216600.35
2024-08-01,PT0005,Finished Goods,3556,756,308.66,1097594.96
2024-08-01,PT0006,Finished Goods,570,261,138.3,78831.0
2024-08-01,PT0007,Raw Material,4487,574,108.83,488320.21
2024-08-01,PT0008,MRO,1471,892,222.02,326591.42
2024-08-01,PT0009,Finished Goods,474,155,148.56,70417.44
2024-08-01,PT0010,Packaging,4252,1264,457.71,1946182.92
2024-08-01,PT0011,WIP,4229,1839,342.84,1449870.36
2024-08-01,PT0012,Packaging,2508,1391,57.76,144862.08
2024-08-01,PT0013,WIP,1786,695,401.7,717436.2
2024-08-01,PT0014,Finished Goods,2858,1289,400.83,1145572.14
2024-08-01,PT0015,MRO,4415,1368,62.99,278100.85
2024-08-01,PT0016,MRO,69,1016,391.44,27009.36
2024-08-01,PT0017,Packaging,2082,1601,43.35,90254.7
2024-08-01,PT0018,Packaging,3774,1628,139.4,526095.6
2024-08-01,PT0019,Finished Goods,2055,1513,411.09,844789.95
2024-08-01,PT0020,Finished Goods,3844,1377,376.25,1446305.0
2024-08-01,PT0021,Finished Goods,4170,1780,300.9,1254753.0
2024-08-01,PT0022,Finished Goods,4438,1811,11.41,50637.58
2024-08-01,PT0023,WIP,474,1552,325.72,154391.28
2024-08-01,PT0024,Finished Goods,2632,1574,326.56,859505.92
2024-08-01,PT0025,Finished Goods,2928,159,204.02,597370.56
2024-08-01,PT0026,WIP,239,1355,31.19,7454.41
2024-08-01,PT0027,MRO,2907,1579,54.92,159652.44
2024-08-01,PT0028,Packaging,3651,318,221.72,809499.72
2024-08-01,PT0029,Finished Goods,58,475,117.53,6816.74
2024-08-01,PT0030,Raw Material,2285,775,154.77,353649.45
2024-08-01,PT0031,Finished Goods,4931,1602,112.46,554540.26
2024-08-01,PT0032,Finished Goods,1096,1120,133.48,146294.08
2024-08-01,PT0033,Raw Material,2132,1377,334.44,713026.08
2024-08-01,PT0034,Raw Material,1400,1596,32.02,44828.0
2024-08-01,PT0035,WIP,2957,1913,54.35,160712.95
2024-08-01,PT0036,Raw Material,4639,1016,463.69,2151057.91
2024-08-01,PT0037,WIP,2853,1401,9.78,27902.34
2024-08-01,PT0038,WIP,360,491,283.23,101962.8
2024-08-01,PT0039,Finished Goods,1763,1936,308.41,543726.83
2024-08-01,PT0040,WIP,1353,1802,362.45,490394.85
2024-09-01,PT0001,MRO,2760,1395,71.11,196263.6
2024-09-01,PT0002,Finished Goods,3062,1447,373.53,1143748.86
2024-09-01,PT0003,Finished Goods,3184,1677,455.74,1451076.16
2024-09-01,PT0004,WIP,2520,1243,431.01,1086145.2
2024-09-01,PT0005,MRO,2877,1501,181.73,522837.21
2024-09-01,PT0006,MRO,1849,1708,266.12,492055.88
2024-09-01,PT0007,WIP,4984,1188,289.25,1441622.0
2024-09-01,PT0008,Finished Goods,291,1184,102.63,29865.33
2024-09-01,PT0009,Finished Goods,4469,1033,40.83,182469.27
2024-09-01,PT0010,Packaging,3694,1120,173.06,639283.64
2024-09-01,PT0011,MRO,1580,1608,258.59,408572.2
2024-09-01,PT0012,Packaging,173,1390,456.17,78917.41
2024-09-01,PT0013,Packaging,1525,1486,166.6,254065.0
2024-09-01,PT0014,Packaging,3701,1061,119.39,441862.39
2024-09-01,PT0015,WIP,633,1148,8.35,5285.55
2024-09-01,PT0016,Packaging,3010,1292,273.88,824378.8
2024-09-01,PT0017,Packaging,4331,598,416.1,1802129.1
2024-09-01,PT0018,MRO,195,1705,367.21,71605.95
2024-09-01,PT0019,MRO,2847,1779,366.15,1042429.05
2024-09-01,PT0020,MRO,2666,1390,78.43,209094.38
2024-09-01,PT0021,MRO,79,1834,311.46,24605.34
2024-09-01,PT0022,WIP,3715,203,442.64,1644407.6
2024-09-01,PT0023,Packaging,4208,915,391.99,1649493.92
2024-09-01,PT0024,Finished Goods,2738,109,253.6,694356.8
2024-09-01,PT0025,Packaging,311,1360,268.92,83634.12
2024-09-01,PT0026,WIP,2846,1814,19.17,54557.82
2024-09-01,PT0027,WIP,3329,1624,24.52,81627.08
2024-09-01,PT0028,Packaging,3840,588,442.16,1697894.4
2024-09-01,PT0029,WIP,3317,1691,282.84,938180.28
2024-09-01,PT0030,Finished Goods,2109,983,446.2,941035.8
2024-09-01,PT0031,MRO,1424,84,94.24,134197.76
2024-09-01,PT0032,WIP,2142,1688,146.22,313203.24
2024-09-01,PT0033,Finished Goods,3963,482,8.79,34834.77
2024-09-01,PT0034,Raw Material,711,1861,279.53,198745.83
2024-09-01,PT0035,Packaging,53,247,317.44,16824.32
2024-09-01,PT0036,Raw Material,1654,1550,89.77,148479.58
2024-09-01,PT0037,MRO,1522,1250,238.1,362388.2
2024-09-01,PT0038,Raw Material,2119,1900,357.13,756758.47
2024-09-01,PT0039,WIP,726,1307,433.47,314699.22
2024-09-01,PT0040,MRO,3493,562,202.79,708345.47
2024-10-01,PT0001,MRO,289,1000,34.48,9964.72
2024-10-01,PT0002,Packaging,1548,907,108.59,168097.32
2024-10-01,PT0003,Finished Goods,1157,1435,205.29,237520.53
2024-10-01,PT0004,Raw Material,921,1953,264.84,243917.64
2024-10-01,PT0005,WIP,92,154,8.02,737.84
2024-10-01,PT0006,MRO,4349,453,41.13,178874.37
2024-10-01,PT0007,WIP,1347,1164,46.2,62231.4
2024-10-01,PT0008,Raw Material,4082,604,31.17,127235.94
2024-10-01,PT0009,Raw Material,3189,1794,392.04,1250215.56
2024-10-01,PT0010,MRO,2243,431,345.72,775449.96
2024-10-01,PT0011,Raw Material,248,1644,267.8,66414.4
2024-10-01,PT0012,Finished Goods,1976,197,74.09,146401.84
2024-10-01,PT0013,MRO,1788,267,239.28,427832.64
2024-10-01,PT0014,Finished Goods,2115,575,186.81,395103.15
2024-10-01,PT0015,MRO,3169,98,58.32,184816.08
2024-10-01,PT0016,MRO,3770,1964,32.08,120941.6
2024-10-01,PT0017,WIP,3762,1082,239.62,901450.44
2024-10-01,PT0018,Packaging,1397,148,429.78,600402.66
2024-10-01,PT0019,Finished Goods,1015,80,61.49,62412.35
2024-10-01,PT0020,Raw Material,258,1031,224.03,57799.74
2024-10-01,PT0021,Finished Goods,4416,1474,229.72,1014443.52
2024-10-01,PT0022,Raw Material,828,934,353.0,292284.0
2024-10-01,PT0023,Raw Material,3250,555,357.07,1160477.5
2024-10-01,PT0024,MRO,3560,1515,310.2,1104312.0
2024-10-01,PT0025,Finished Goods,3084,930,262.74,810290.16
2024-10-01,PT0026,Finished Goods,224,1815,219.56,49181.44
2024-10-01,PT0027,WIP,1892,816,391.18,740112.56
2024-10-01,PT0028,MRO,2673,1296,422.61,1129636.53
2024-10-01,PT0029,Packaging,2339,1573,364.55,852682.45
2024-10-01,PT0030,MRO,730,1706,452.03,329981.9
2024-10-01,PT0031,Raw Material,4833,1717,397.35,1920392.55
2024-10-01,PT0032,WIP,4007,1083,360.65,1445124.55
2024-10-01,PT0033,Finished Goods,3344,644,263.02,879538.88
2024-10-01,PT0034,WIP,402,1101,107.3,43134.6
2024-10-01,PT0035,Raw Material,1803,396,141.95,255935.85
2024-10-01,PT0036,Finished Goods,253,540,425.64,107686.92
2024-10-01,PT0037,Packaging,1476,53,397.1,586119.6
2024-10-01,PT0038,MRO,67,48,411.98,27602.66
2024-10-01,PT0039,WIP,3888,715,191.95,746301.6
2024-10-01,PT0040,Finished Goods,2894,414,128.86,372920.84
2024-11-01,PT0001,Packaging,2430,1617,211.99,515135.7
2024-11-01,PT0002,Raw Material,1777,1083,460.14,817668.78
2024-11-01,PT0003,WIP,902,964,167.27,150877.54
2024-11-01,PT0004,WIP,1707,107,398.24,679795.68
2024-11-01,PT0005,WIP,2908,1038,409.1,1189662.8
2024-11-01,PT0006,WIP,1485,795,45.8,68013.0
2024-11-01,PT0007,WIP,289,1114,333.09,96263.01
2024-11-01,PT0008,Raw Material,2165,1133,380.19,823111.35
2024-11-01,PT0009,Raw Material,4273,1461,260.77,1114270.21
2024-11-01,PT0010,MRO,697,219,427.36,297869.92
2024-11-01,PT0011,WIP,4163,42,374.88,1560625.44
2024-11-01,PT0012,Finished Goods,1947,123,149.44,290959.68
2024-11-01,PT0013,MRO,3854,1889,476.11,1834927.94
2024-11-01,PT0014,MRO,868,273,63.71,55300.28
2024-11-01,PT0015,MRO,3365,1057,54.14,182181.1
2024-11-01,PT0016,Raw Material,4398,1843,2.88,12666.24
2024-11-01,PT0017,Raw Material,3768,851,467.9,1763047.2
2024-11-01,PT0018,MRO,3060,263,472.54,1445972.4
2024-11-01,PT0019,Raw Material,3476,991,163.57,568569.32
2024-11-01,PT0020,WIP,3749,234,402.07,1507360.43
2024-11-01,PT0021,Raw Material,103,1916,8.53,878.59
2024-11-01,PT0022,MRO,4358,1320,260.22,1134038.76
2024-11-01,PT0023,MRO,2566,206,134.75,345768.5
2024-11-01,PT0024,Finished Goods,1976,716,230.56,455586.56
2024-11-01,PT0025,Packaging,3553,1124,407.76,1448771.28
2024-11-01,PT0026,Packaging,3872,597,164.47,636827.84
2024-11-01,PT0027,WIP,2651,940,167.9,445102.9
2024-11-01,PT0028,MRO,4460,1193,449.0,2002540.0
2024-11-01,PT0029,Packaging,4074,1469,311.34,1268399.16
2024-11-01,PT0030,MRO,1861,1393,393.92,733085.12
2024-11-01,PT0031,Packaging,3228,1283,182.92,590465.76
2024-11-01,PT0032,MRO,1369,1995,18.91,25887.79
2024-11-01,PT0033,WIP,296,204,319.3,94512.8
2024-11-01,PT0034,Finished Goods,189,1806,328.84,62150.76
2024-11-01,PT0035,Packaging,556,1390,172.79,96071.24
2024-11-01,PT0036,MRO,678,719,386.58,262101.24
2024-11-01,PT0037,Raw Material,3162,1491,302.13,955335.06
2024-11-01,PT0038,WIP,524,1332,70.45,36915.8
2024-11-01,PT0039,Finished Goods,4074,309,237.8,968797.2
2024-11-01,PT0040,Finished Goods,3478,154,348.81,1213161.18
2024-12-01,PT0001,Raw Material,2872,1406,176.87,507970.64
2024-12-01,PT0002,WIP,4187,1584,113.53,475350.11
2024-12-01,PT0003,Finished Goods,1079,1892,46.71,50400.09
2024-12-01,PT0004,Packaging,191,889,332.28,63465.48
2024-12-01,PT0005,WIP,4218,178,266.69,1124898.42
2024-12-01,PT0006,Finished Goods,3397,814,349.73,1188032.81
2024-12-01,PT0007,Raw Material,1631,54,321.74,524757.94
2024-12-01,PT0008,Packaging,2928,1928,260.71,763358.88
2024-12-01,PT0009,Raw Material,1815,538,310.77,564047.55
2024-12-01,PT0010,WIP,4698,419,134.76,633102.48
2024-12-01,PT0011,MRO,3614,1080,122.97,444413.58
2024-12-01,PT0012,Raw Material,4328,1021,336.58,1456718.24
2024-12-01,PT0013,MRO,2088,582,299.5,625356.0
2024-12-01,PT0014,MRO,2184,192,72.45,158230.8
2024-12-01,PT0015,MRO,1231,193,226.27,278538.37
2024-12-01,PT0016,Packaging,2427,494,239.3,580781.1
2024-12-01,PT0017,Raw Material,2393,1023,300.32,718665.76
2024-12-01,PT0018,Finished Goods,1696,286,65.46,111020.16
2024-12-01,PT0019,MRO,2522,1070,257.39,649137.58
2024-12-01,PT0020,MRO,1461,1195,14.17,20702.37
2024-12-01,PT0021,Finished Goods,1432,1147,52.8,75609.6
2024-12-01,PT0022,Packaging,2607,713,22.05,57484.35
2024-12-01,PT0023,Finished Goods,1314,773,256.4,336909.6
2024-12-01,PT0024,WIP,1735,457,213.87,371064.45
2024-12-01,PT0025,Raw Material,1583,691,418.2,662010.6
2024-12-01,PT0026,Packaging,4640,1866,48.91,226942.4
2024-12-01,PT0027,MRO,3346,456,192.29,643402.34
2024-12-01,PT0028,Finished Goods,904,1275,5.89,5324.56
2024-12-01,PT0029,MRO,2116,535,472.81,1000465.96
2024-12-01,PT0030,MRO,1541,1740,207.72,320096.52
2024-12-01,PT0031,WIP,3335,1056,148.87,496481.45
2024-12-01,PT0032,Finished Goods,990,844,456.09,451529.1
2024-12-01,PT0033,Packaging,3954,759,88.37,349414.98
2024-12-01,PT0034,Raw Material,2077,760,225.11,467553.47
2024-12-01,PT0035,WIP,2483,671,305.98,759748.34
2024-12-01,PT0036,Finished Goods,288,1457,312.46,89988.48
2024-12-01,PT0037,Finished Goods,238,725,5.93,1411.34
2024-12-01,PT0038,MRO,2774,1452,127.86,354683.64
2024-12-01,PT0039,Packaging,4020,851,463.29,1862425.8
2024-12-01,PT0040,MRO,3815,1060,153.23,584572.45
2025-01-01,PT0001,Finished Goods,4519,1364,58.0,262102.0
2025-01-01,PT0002,WIP,3786,892,59.89,226743.54
2025-01-01,PT0003,Raw Material,1974,402,241.53,476780.22
2025-01-01,PT0004,Finished Goods,4479,361,295.21,1322245.59
2025-01-01,PT0005,WIP,3018,259,446.48,1347476.64
2025-01-01,PT0006,Finished Goods,4482,1099,401.1,1797730.2
2025-01-01,PT0007,Raw Material,176,1358,189.18,33295.68
2025-01-01,PT0008,WIP,2084,633,427.08,890034.72
2025-01-01,PT0009,Raw Material,2940,637,237.58,698485.2
2025-01-01,PT0010,MRO,2196,202,53.95,118474.2
2025-01-01,PT0011,Raw Material,4790,1343,313.58,1502048.2
2025-01-01,PT0012,Raw Material,867,599,18.23,15805.41
2025-01-01,PT0013,MRO,4704,1312,419.56,1973610.24
2025-01-01,PT0014,Raw Material,4776,1037,306.16,1462220.16
2025-01-01,PT0015,WIP,2617,1064,456.37,1194320.29
2025-01-01,PT0016,Finished Goods,117,1380,138.44,16197.48
2025-01-01,PT0017,Raw Material,3939,150,67.48,265803.72
2025-01-01,PT0018,WIP,4062,1428,430.31,1747919.22
2025-01-01,PT0019,Raw Material,3205,1325,443.76,1422250.8
2025-01-01,PT0020,Packaging,1644,1694,482.88,793854.72
2025-01-01,PT0021,Packaging,4888,196,4.67,22826.96
2025-01-01,PT0022,MRO,4043,1167,138.46,559793.78
2025-01-01,PT0023,Finished Goods,4360,4,9.26,40373.6
2025-01-01,PT0024,WIP,4456,1218,16.39,73033.84
2025-01-01,PT0025,WIP,416,1765,82.87,34473.92
2025-01-01,PT0026,MRO,843,1239,128.64,108443.52
2025-01-01,PT0027,Packaging,2718,1138,371.05,1008513.9
2025-01-01,PT0028,Finished Goods,4678,501,18.39,86028.42
2025-01-01,PT0029,MRO,2687,259,205.53,552259.11
2025-01-01,PT0030,MRO,4597,927,311.28,1430954.16
2025-01-01,PT0031,WIP,1431,487,255.66,365849.46
2025-01-01,PT0032,Packaging,2673,859,426.41,1139793.93
2025-01-01,PT0033,WIP,408,27,480.51,196048.08
2025-01-01,PT0034,Packaging,4798,1113,6.43,30851.14
2025-01-01,PT0035,Raw Material,1034,1767,325.35,336411.9
2025-01-01,PT0036,Packaging,4239,27,373.26,1582249.14
2025-01-01,PT0037,Raw Material,50,0,339.77,16988.5
2025-01-01,PT0038,Finished Goods,3786,1101,450.14,1704230.04
2025-01-01,PT0039,WIP,3304,1772,266.02,878930.08
2025-01-01,PT0040,Packaging,1362,1609,357.7,487187.4
2025-02-01,PT0001,WIP,1611,20,27.16,43754.76
2025-02-01,PT0002,MRO,4493,128,36.53,164129.29
2025-02-01,PT0003,MRO,1443,1924,278.06,401240.58
2025-02-01,PT0004,WIP,4885,957,101.45,495583.25
2025-02-01,PT0005,MRO,3257,342,458.35,1492845.95
2025-02-01,PT0006,Raw Material,616,713,179.23,110405.68
2025-02-01,PT0007,Raw Material,4648,121,473.2,2199433.6
2025-02-01,PT0008,MRO,1089,930,3.76,4094.64
2025-02-01,PT0009,WIP,1415,1703,301.48,426594.2
2025-02-01,PT0010,Packaging,1317,1356,151.23,199169.91
2025-02-01,PT0011,Packaging,2770,1101,199.79,553418.3
2025-02-01,PT0012,WIP,1422,1440,150.31,213740.82
2025-02-01,PT0013,MRO,4822,1579,99.11,477908.42
2025-02-01,PT0014,Packaging,2256,1261,237.64,536115.84
2025-02-01,PT0015,Finished Goods,774,108,171.93,133073.82
2025-02-01,PT0016,Packaging,1931,1925,70.43,136000.33
2025-02-01,PT0017,WIP,4346,1032,175.94,764635.24
2025-02-01,PT0018,Finished Goods,1266,1827,222.3,281431.8
2025-02-01,PT0019,Packaging,2200,819,315.86,694892.0
2025-02-01,PT0020,WIP,848,1817,314.99,267111.52
2025-02-01,PT0021,MRO,4964,54,41.89,207941.96
2025-02-01,PT0022,Finished Goods,4597,999,157.47,723889.59
2025-02-01,PT0023,Finished Goods,1275,1202,102.84,131121.0
2025-02-01,PT0024,MRO,4843,1231,44.14,213770.02
2025-02-01,PT0025,Raw Material,2488,132,475.69,1183516.72
2025-02-01,PT0026,MRO,2734,1284,228.32,624226.88
2025-02-01,PT0027,WIP,1582,950,317.13,501699.66
2025-02-01,PT0028,Packaging,4211,1259,379.21,1596853.31
2025-02-01,PT0029,Raw Material,2206,1888,135.11,298052.66
2025-02-01,PT0030,Packaging,631,1151,41.52,26199.12
2025-02-01,PT0031,Packaging,3926,1282,464.93,1825315.18
2025-02-01,PT0032,WIP,2812,1603,250.18,703506.16
2025-02-01,PT0033,Packaging,4012,553,147.66,592411.92
2025-02-01,PT0034,Packaging,411,1180,126.73,52086.03
2025-02-01,PT0035,WIP,4577,1866,205.58,940939.66
2025-02-01,PT0036,Packaging,2889,1505,470.6,1359563.4
2025-02-01,PT0037,Packaging,4090,1345,407.94,1668474.6
2025-02-01,PT0038,WIP,507,1141,478.87,242787.09
2025-02-01,PT0039,Raw Material,219,164,174.03,38112.57
2025-02-01,PT0040,Packaging,2386,1769,438.41,1046046.26
2025-03-01,PT0001,WIP,2686,914,467.83,1256591.38
2025-03-01,PT0002,Finished Goods,1105,676,333.31,368307.55
2025-03-01,PT0003,Finished Goods,3110,1788,482.33,1500046.3
2025-03-01,PT0004,MRO,4532,549,243.86,1105173.52
2025-03-01,PT0005,MRO,158,2,397.16,62751.28
2025-03-01,PT0006,Raw Material,4654,227,166.29,773913.66
2025-03-01,PT0007,WIP,3164,1755,379.04,1199282.56
2025-03-01,PT0008,WIP,1583,600,134.32,212628.56
2025-03-01,PT0009,Packaging,2388,1607,313.96,749736.48
2025-03-01,PT0010,MRO,88,277,329.82,29024.16
2025-03-01,PT0011,Finished Goods,375,805,58.51,21941.25
2025-03-01,PT0012,MRO,2575,1422,438.75,1129781.25
2025-03-01,PT0013,Finished Goods,464,1272,379.38,176032.32
2025-03-01,PT0014,Finished Goods,3925,1411,392.76,1541583.0
2025-03-01,PT0015,MRO,2403,1090,435.56,1046650.68
2025-03-01,PT0016,MRO,3802,791,236.22,898108.44
2025-03-01,PT0017,WIP,495,1933,462.15,228764.25
2025-03-01,PT0018,Packaging,3650,270,105.09,383578.5
2025-03-01,PT0019,Packaging,824,1758,293.55,241885.2
2025-03-01,PT0020,Raw Material,3470,511,20.33,70545.1
2025-03-01,PT0021,Finished Goods,2568,1285,311.76,800599.68
2025-03-01,PT0022,Raw Material,2213,1821,246.11,544641.43
2025-03-01,PT0023,WIP,1311,321,24.48,32093.28
2025-03-01,PT0024,WIP,4667,976,9.94,46389.98
2025-03-01,PT0025,Finished Goods,1809,1591,222.85,403135.65
2025-03-01,PT0026,MRO,1583,1906,481.46,762151.18
2025-03-01,PT0027,Packaging,3147,704,412.13,1296973.11
2025-03-01,PT0028,MRO,2976,710,176.16,524252.16
2025-03-01,PT0029,WIP,3438,1141,162.62,559087.56
2025-03-01,PT0030,Finished Goods,4478,737,456.4,2043759.2
2025-03-01,PT0031,Raw Material,3541,1560,352.18,1247069.38
2025-03-01,PT0032,MRO,4153,976,131.51,546161.03
2025-03-01,PT0033,Packaging,3333,634,83.47,278205.51
2025-03-01,PT0034,Packaging,1886,92,230.71,435119.06
2025-03-01,PT0035,Raw Material,2863,721,28.43,81395.09
2025-03-01,PT0036,Finished Goods,2221,697,198.01,439780.21
2025-03-01,PT0037,WIP,3693,1273,117.66,434518.38
2025-03-01,PT0038,Packaging,4842,543,170.95,827739.9
2025-03-01,PT0039,Packaging,3778,12,140.57,531073.46
2025-03-01,PT0040,Finished Goods,2600,761,397.31,1033006.0
2025-04-01,PT0001,Raw Material,3209,434,161.21,517322.89
2025-04-01,PT0002,WIP,3551,1235,235.25,835372.75
2025-04-01,PT0003,Finished Goods,587,1070,315.53,185216.11
2025-04-01,PT0004,Raw Material,1038,405,287.43,298352.34
2025-04-01,PT0005,Packaging,3031,1341,313.68,950764.08
2025-04-01,PT0006,Packaging,4669,572,170.53,796204.57
2025-04-01,PT0007,WIP,4346,1923,88.46,384447.16
2025-04-01,PT0008,Raw Material,2066,1811,323.45,668247.7
2025-04-01,PT0009,WIP,3820,1734,141.85,541867.0
2025-04-01,PT0010,MRO,713,1064,349.32,249065.16
2025-04-01,PT0011,Raw Material,3141,904,417.81,1312341.21
2025-04-01,PT0012,MRO,1636,776,144.6,236565.6
2025-04-01,PT0013,Raw Material,4518,1277,402.89,1820257.02
2025-04-01,PT0014,Raw Material,4307,679,420.38,1810576.66
2025-04-01,PT0015,Packaging,863,528,77.41,66804.83
2025-04-01,PT0016,WIP,4747,1576,332.75,1579564.25
2025-04-01,PT0017,Finished Goods,1733,1985,229.43,397602.19
2025-04-01,PT0018,Finished Goods,3248,1427,376.7,1223521.6
2025-04-01,PT0019,Packaging,1788,1464,259.78,464486.64
2025-04-01,PT0020,Packaging,3252,1294,204.14,663863.28
2025-04-01,PT0021,Raw Material,4362,1362,340.54,1485435.48
2025-04-01,PT0022,MRO,3188,628,391.0,1246508.0
2025-04-01,PT0023,Finished Goods,506,1105,255.09,129075.54
2025-04-01,PT0024,Finished Goods,3443,1299,93.72,322677.96
2025-04-01,PT0025,Finished Goods,601,1853,80.94,48644.94
2025-04-01,PT0026,MRO,347,1311,406.46,141041.62
2025-04-01,PT0027,Raw Material,1636,1358,417.23,682588.28
2025-04-01,PT0028,Raw Material,3489,40,67.23,234565.47
2025-04-01,PT0029,Finished Goods,4064,612,156.2,634796.8
2025-04-01,PT0030,Raw Material,4404,1541,70.02,308368.08
2025-04-01,PT0031,Finished Goods,3059,1101,449.51,1375051.09
2025-04-01,PT0032,MRO,2679,766,206.82,554070.78
2025-04-01,PT0033,Packaging,820,1311,422.74,346646.8
2025-04-01,PT0034,WIP,791,465,203.1,160652.1
2025-04-01,PT0035,Raw Material,2030,923,241.82,490894.6
2025-04-01,PT0036,WIP,4311,1423,55.19,237924.09
2025-04-01,PT0037,WIP,2565,223,170.68,437794.2
2025-04-01,PT0038,WIP,2193,671,357.9,784874.7
2025-04-01,PT0039,Packaging,1703,361,348.36,593257.08
2025-04-01,PT0040,Finished Goods,507,1975,336.89,170803.23
2025-05-01,PT0001,WIP,2665,1713,141.93,378243.45
2025-05-01,PT0002,MRO,882,1568,39.92,35209.44
2025-05-01,PT0003,MRO,3861,552,482.02,1861079.22
2025-05-01,PT0004,WIP,2368,1222,163.14,386315.52
2025-05-01,PT0005,WIP,3422,411,250.66,857758.52
2025-05-01,PT0006,WIP,498,315,241.73,120381.54
2025-05-01,PT0007,WIP,2150,1298,50.57,108725.5
2025-05-01,PT0008,Raw Material,658,91,65.09,42829.22
2025-05-01,PT0009,MRO,4019,794,3.89,15633.91
2025-05-01,PT0010,WIP,2292,425,403.18,924088.56
2025-05-01,PT0011,WIP,3450,4,137.52,474444.0
2025-05-01,PT0012,WIP,3124,1987,315.91,986902.84
2025-05-01,PT0013,WIP,3053,815,121.02,369474.06
2025-05-01,PT0014,Finished Goods,3355,1307,38.13,127926.15
2025-05-01,PT0015,WIP,4533,1359,288.34,1307045.22
2025-05-01,PT0016,MRO,1451,677,20.7,30035.7
2025-05-01,PT0017,WIP,772,550,48.16,37179.52
2025-05-01,PT0018,WIP,830,972,459.48,381368.4
2025-05-01,PT0019,WIP,3173,1890,315.94,1002477.62
2025-05-01,PT0020,Packaging,2206,1495,179.03,394940.18
2025-05-01,PT0021,Finished Goods,1438,795,261.11,375476.18
2025-05-01,PT0022,Raw Material,1210,1683,308.16,372873.6
2025-05-01,PT0023,WIP,3905,314,163.56,638701.8
2025-05-01,PT0024,WIP,2667,1899,126.25,336708.75
2025-05-01,PT0025,Finished Goods,1992,93,389.83,776541.36
2025-05-01,PT0026,MRO,999,462,434.27,433835.73
2025-05-01,PT0027,Packaging,2231,748,10.7,23871.7
2025-05-01,PT0028,Packaging,1157,969,442.9,512435.3
2025-05-01,PT0029,Finished Goods,1402,402,410.52,575549.04
2025-05-01,PT0030,Finished Goods,4078,73,27.35,111533.3
2025-05-01,PT0031,Finished Goods,1897,448,204.59,388107.23
2025-05-01,PT0032,Finished Goods,2980,822,179.09,533688.2
2025-05-01,PT0033,WIP,4883,1136,248.15,1211716.45
2025-05-01,PT0034,Raw Material,1310,1139,256.21,335635.1
2025-05-01,PT0035,Finished Goods,4668,1593,428.53,2000378.04
2025-05-01,PT0036,MRO,3241,1187,145.85,472699.85
2025-05-01,PT0037,Packaging,2878,1467,22.93,65992.54
2025-05-01,PT0038,Finished Goods,1758,1690,238.12,418614.96
2025-05-01,PT0039,WIP,77,943,440.34,33906.18
2025-05-01,PT0040,Packaging,1080,831,472.26,510040.8
2025-06-01,PT0001,MRO,2416,20,2.97,7175.52
2025-06-01,PT0002,Finished Goods,3083,53,124.03,382384.49
2025-06-01,PT0003,Raw Material,2627,31,222.03,583272.81
2025-06-01,PT0004,Finished Goods,3258,710,201.47,656389.26
2025-06-01,PT0005,Finished Goods,368,1322,251.38,92507.84
2025-06-01,PT0006,MRO,3301,1776,158.38,522812.38
2025-06-01,PT0007,Packaging,1140,335,242.22,276130.8
2025-06-01,PT0008,WIP,1538,86,84.16,129438.08
2025-06-01,PT0009,Finished Goods,551,817,118.41,65243.91
2025-06-01,PT0010,WIP,4753,215,335.52,1594726.56
2025-06-01,PT0011,Raw Material,4667,961,401.34,1873053.78
2025-06-01,PT0012,Raw Material,2067,781,359.06,742177.02
2025-06-01,PT0013,WIP,693,1560,166.49,115377.57
2025-06-01,PT0014,Raw Material,1254,1706,410.28,514491.12
2025-06-01,PT0015,Raw Material,1311,1121,473.38,620601.18
2025-06-01,PT0016,MRO,1233,442,55.0,67815.0
2025-06-01,PT0017,WIP,1038,552,269.7,279948.6
2025-06-01,PT0018,Raw Material,1128,1302,347.86,392386.08
2025-06-01,PT0019,Finished Goods,2490,279,451.17,1123413.3
2025-06-01,PT0020,WIP,4921,319,128.55,632594.55
2025-06-01,PT0021,WIP,233,304,141.1,32876.3
2025-06-01,PT0022,WIP,506,30,336.07,170051.42
2025-06-01,PT0023,Raw Material,1110,916,49.07,54467.7
2025-06-01,PT0024,Packaging,1453,1115,455.2,661405.6
2025-06-01,PT0025,WIP,1981,681,130.25,258025.25
2025-06-01,PT0026,Raw Material,4050,1161,311.63,1262101.5
2025-06-01,PT0027,Raw Material,1961,687,347.08,680623.88
2025-06-01,PT0028,WIP,4999,660,368.68,1843031.32
2025-06-01,PT0029,MRO,4020,841,58.75,236175.0
2025-06-01,PT0030,WIP,4305,562,286.39,1232908.95
2025-06-01,PT0031,MRO,3128,585,357.26,1117509.28
2025-06-01,PT0032,Raw Material,4452,1543,436.56,1943565.12
2025-06-01,PT0033,Packaging,3804,1187,421.41,1603043.64
2025-06-01,PT0034,Finished Goods,616,1853,106.49,65597.84
2025-06-01,PT0035,Finished Goods,1600,0,4.18,6688.0
2025-06-01,PT0036,MRO,490,803,21.68,10623.2
2025-06-01,PT0037,WIP,1995,771,434.88,867585.6
2025-06-01,PT0038,Raw Material,1587,1863,64.68,102647.16
2025-06-01,PT0039,Raw Material,2789,866,350.54,977656.06
2025-06-01,PT0040,MRO,1392,863,407.57,567337.44
2025-07-01,PT0001,Raw Material,1670,879,238.87,398912.9
2025-07-01,PT0002,WIP,2437,657,286.07,697152.59
2025-07-01,PT0003,Packaging,4737,963,325.06,1539809.22
2025-07-01,PT0004,MRO,1651,1113,419.84,693155.84
2025-07-01,PT0005,WIP,1641,1938,336.01,551392.41
2025-07-01,PT0006,Packaging,2338,885,77.87,182060.06
2025-07-01,PT0007,WIP,1407,381,289.11,406777.77
2025-07-01,PT0008,WIP,1877,403,459.01,861561.77
2025-07-01,PT0009,Packaging,727,403,350.25,254631.75
2025-07-01,PT0010,Packaging,2715,361,455.48,1236628.2
2025-07-01,PT0011,WIP,4976,57,107.43,534571.68
2025-07-01,PT0012,MRO,274,1579,72.24,19793.76
2025-07-01,PT0013,Packaging,2436,1882,418.32,1019027.52
2025-07-01,PT0014,Raw Material,835,569,425.87,355601.45
2025-07-01,PT0015,Finished Goods,2601,693,38.4,99878.4
2025-07-01,PT0016,WIP,1318,515,92.02,121282.36
2025-07-01,PT0017,Finished Goods,265,1069,189.65,50257.25
2025-07-01,PT0018,Packaging,1907,1853,108.9,207672.3
2025-07-01,PT0019,Finished Goods,3449,1861,19.2,66220.8
2025-07-01,PT0020,WIP,1599,402,337.42,539534.58
2025-07-01,PT0021,MRO,2936,1890,136.8,401644.8
2025-07-01,PT0022,WIP,4578,1677,417.0,1909026.0
2025-07-01,PT0023,WIP,4328,915,102.49,443576.72
2025-07-01,PT0024,Packaging,4821,747,313.2,1509937.2
2025-07-01,PT0025,Packaging,227,697,40.95,9295.65
2025-07-01,PT0026,WIP,4795,1308,370.38,1775972.1
2025-07-01,PT0027,Finished Goods,4000,740,166.68,666720.0
2025-07-01,PT0028,Packaging,4217,1432,169.24,713685.08
2025-07-01,PT0029,WIP,3957,264,169.14,669286.98
2025-07-01,PT0030,WIP,1615,28,90.27,145786.05
2025-07-01,PT0031,Raw Material,4633,862,235.09,1089171.97
2025-07-01,PT0032,Raw Material,4989,1665,271.52,1354613.28
2025-07-01,PT0033,Finished Goods,2491,806,245.18,610743.38
2025-07-01,PT0034,MRO,2917,344,140.07,408584.19
2025-07-01,PT0035,Packaging,4536,511,49.77,225756.72
2025-07-01,PT0036,Finished Goods,3169,1780,462.87,1466835.03
2025-07-01,PT0037,Finished Goods,3171,1170,22.45,71188.95
2025-07-01,PT0038,WIP,1191,938,323.16,384883.56
2025-07-01,PT0039,Raw Material,2777,1676,362.58,1006884.66
2025-07-01,PT0040,WIP,3072,1644,329.39,1011886.08
2025-08-01,PT0001,Finished Goods,896,1630,433.04,388003.84
2025-08-01,PT0002,Raw Material,558,1827,362.44,202241.52
2025-08-01,PT0003,Finished Goods,3412,364,173.83,593107.96
2025-08-01,PT0004,Finished Goods,1220,865,474.61,579024.2
2025-08-01,PT0005,MRO,4206,53,217.55,915015.3
2025-08-01,PT0006,Packaging,454,1513,401.72,182380.88
2025-08-01,PT0007,Finished Goods,2525,990,276.76,698819.0
2025-08-01,PT0008,Raw Material,3525,1682,122.33,431213.25
2025-08-01,PT0009,Finished Goods,2417,1725,84.78,204913.26
2025-08-01,PT0010,Finished Goods,1326,48,369.07,489386.82
2025-08-01,PT0011,MRO,1892,287,156.98,297006.16
2025-08-01,PT0012,MRO,2466,451,308.37,760440.42
2025-08-01,PT0013,Finished Goods,1751,979,421.54,738116.54
2025-08-01,PT0014,Raw Material,2233,389,169.07,377533.31
2025-08-01,PT0015,Raw Material,582,686,23.25,13531.5
2025-08-01,PT0016,MRO,297,1267,259.91,77193.27
2025-08-01,PT0017,Finished Goods,689,1530,118.67,81763.63
2025-08-01,PT0018,WIP,3027,334,81.4,246397.8
2025-08-01,PT0019,MRO,3689,576,135.49,499822.61
2025-08-01,PT0020,MRO,555,890,267.4,148407.0
2025-08-01,PT0021,MRO,3173,594,316.38,1003873.74
2025-08-01,PT0022,Finished Goods,3438,1284,81.3,279509.4
2025-08-01,PT0023,WIP,295,942,20.36,6006.2
2025-08-01,PT0024,Packaging,375,1498,40.78,15292.5
2025-08-01,PT0025,Raw Material,944,276,356.25,336300.0
2025-08-01,PT0026,Finished Goods,2425,1072,484.78,1175591.5
2025-08-01,PT0027,Raw Material,2485,1930,181.95,452145.75
2025-08-01,PT0028,WIP,4221,987,53.06,223966.26
2025-08-01,PT0029,Finished Goods,211,52,348.19,73468.09
2025-08-01,PT0030,Finished Goods,619,1692,126.11,78062.09
2025-08-01,PT0031,Raw Material,555,899,319.93,177561.15
2025-08-01,PT0032,WIP,634,1499,339.59,215300.06
2025-08-01,PT0033,Finished Goods,1467,63,445.2,653108.4
2025-08-01,PT0034,Finished Goods,1753,33,276.77,485177.81
2025-08-01,PT0035,MRO,2220,175,142.02,315284.4
2025-08-01,PT0036,WIP,3805,82,37.91,144247.55
2025-08-01,PT0037,Finished Goods,1745,153,333.04,581154.8
2025-08-01,PT0038,Raw Material,3084,1609,388.84,1199182.56
2025-08-01,PT0039,Raw Material,3035,1490,107.22,325412.7
2025-08-01,PT0040,Packaging,4552,648,250.29,1139320.08
2025-09-01,PT0001,Raw Material,176,1578,189.25,33308.0
2025-09-01,PT0002,MRO,2980,1326,217.15,647107.0
2025-09-01,PT0003,Raw Material,2219,1069,131.46,291709.74
2025-09-01,PT0004,WIP,639,680,169.23,108137.97
2025-09-01,PT0005,MRO,2926,246,12.64,36984.64
2025-09-01,PT0006,Finished Goods,3800,971,349.6,1328480.0
2025-09-01,PT0007,Raw Material,582,701,333.16,193899.12
2025-09-01,PT0008,WIP,990,214,262.99,260360.1
2025-09-01,PT0009,Finished Goods,699,1857,61.44,42946.56
2025-09-01,PT0010,MRO,3907,1732,86.54,338111.78
2025-09-01,PT0011,Raw Material,3079,1262,126.05,388107.95
2025-09-01,PT0012,WIP,342,804,129.52,44295.84
2025-09-01,PT0013,Raw Material,3505,1973,314.75,1103198.75
2025-09-01,PT0014,Finished Goods,2136,1953,7.53,16084.08
2025-09-01,PT0015,MRO,2651,712,92.62,245535.62
2025-09-01,PT0016,WIP,345,1017,61.12,21086.4
2025-09-01,PT0017,WIP,659,382,243.39,160394.01
2025-09-01,PT0018,WIP,1238,659,5.83,7217.54
2025-09-01,PT0019,Raw Material,2558,657,265.82,679967.56
2025-09-01,PT0020,WIP,213,1123,147.56,31430.28
2025-09-01,PT0021,Packaging,332,1514,213.33,70825.56
2025-09-01,PT0022,Packaging,4907,262,209.26,1026838.82
2025-09-01,PT0023,Finished Goods,1936,1664,371.98,720153.28
2025-09-01,PT0024,WIP,862,1376,199.12,171641.44
2025-09-01,PT0025,Raw Material,4820,1506,447.73,2158058.6
2025-09-01,PT0026,Packaging,659,1706,279.98,184506.82
2025-09-01,PT0027,Packaging,2252,1582,476.85,1073866.2
2025-09-01,PT0028,Raw Material,4924,1251,14.92,73466.08
2025-09-01,PT0029,Packaging,3750,1928,57.63,216112.5
2025-09-01,PT0030,Raw Material,4860,277,482.08,2342908.8
2025-09-01,PT0031,WIP,3715,1756,251.64,934842.6
2025-09-01,PT0032,Finished Goods,2797,1454,356.16,996179.52
2025-09-01,PT0033,Packaging,2154,1275,419.17,902892.18
2025-09-01,PT0034,WIP,2218,1302,388.75,862247.5
2025-09-01,PT0035,WIP,2759,1681,146.21,403393.39
2025-09-01,PT0036,Raw Material,3542,533,74.22,262887.24
2025-09-01,PT0037,WIP,4412,1918,233.72,1031172.64
2025-09-01,PT0038,MRO,3275,1720,304.23,996353.25
2025-09-01,PT0039,MRO,4544,128,433.97,1971959.68
2025-09-01,PT0040,Raw Material,624,1950,20.61,12860.64
2025-10-01,PT0001,WIP,1161,1431,275.37,319704.57
2025-10-01,PT0002,MRO,2270,387,74.11,168229.7
2025-10-01,PT0003,Raw Material,4086,964,357.59,1461112.74
2025-10-01,PT0004,MRO,1963,1358,300.46,589802.98
2025-10-01,PT0005,MRO,4208,136,222.29,935396.32
2025-10-01,PT0006,Raw Material,4233,1415,240.45,1017824.85
2025-10-01,PT0007,WIP,490,1030,123.82,60671.8
2025-10-01,PT0008,Packaging,2986,170,384.82,1149072.52
2025-10-01,PT0009,WIP,845,727,94.66,79987.7
2025-10-01,PT0010,MRO,498,1150,280.58,139728.84
2025-10-01,PT0011,WIP,3591,789,326.66,1173036.06
2025-10-01,PT0012,Raw Material,3223,1316,402.31,1296645.13
2025-10-01,PT0013,WIP,3705,1692,10.29,38124.45
2025-10-01,PT0014,WIP,2715,1502,287.0,779205.0
2025-10-01,PT0015,Raw Material,3174,1319,330.22,1048118.28
2025-10-01,PT0016,MRO,4655,1876,30.46,141791.3
2025-10-01,PT0017,MRO,3517,1589,461.41,1622778.97
2025-10-01,PT0018,Raw Material,213,1135,474.17,100998.21
2025-10-01,PT0019,Finished Goods,2010,1279,3.29,6612.9
2025-10-01,PT0020,Raw Material,1528,1348,360.65,551073.2
2025-10-01,PT0021,MRO,4010,443,191.2,766712.0
2025-10-01,PT0022,MRO,4380,854,12.46,54574.8
2025-10-01,PT0023,WIP,1743,447,430.95,751145.85
2025-10-01,PT0024,Packaging,2888,90,289.84,837057.92
2025-10-01,PT0025,MRO,3362,1316,191.18,642747.16
2025-10-01,PT0026,MRO,2838,725,209.11,593454.18
2025-10-01,PT0027,Raw Material,267,1328,256.36,68448.12
2025-10-01,PT0028,Raw Material,448,1390,166.43,74560.64
2025-10-01,PT0029,Packaging,1836,88,28.24,51848.64
2025-10-01,PT0030,MRO,1580,738,304.42,480983.6
2025-10-01,PT0031,Raw Material,4887,1559,336.31,1643546.97
2025-10-01,PT0032,Packaging,2929,1999,402.71,1179537.59
2025-10-01,PT0033,Finished Goods,2466,638,432.47,1066471.02
2025-10-01,PT0034,Raw Material,2408,1586,284.78,685750.24
2025-10-01,PT0035,Raw Material,2190,432,409.84,897549.6
2025-10-01,PT0036,MRO,444,761,34.26,15211.44
2025-10-01,PT0037,Raw Material,4934,1301,339.85,1676819.9
2025-10-01,PT0038,Packaging,396,901,296.83,117544.68
2025-10-01,PT0039,MRO,1013,1561,46.99,47600.87
2025-10-01,PT0040,Packaging,2593,1251,55.36,143548.48
2025-11-01,PT0001,Packaging,4091,1068,104.06,425709.46
2025-11-01,PT0002,Finished Goods,1991,274,296.78,590888.98
2025-11-01,PT0003,Raw Material,2336,1154,219.59,512962.24
2025-11-01,PT0004,Raw Material,3967,891,472.5,1874407.5
2025-11-01,PT0005,MRO,240,1984,163.1,39144.0
2025-11-01,PT0006,Raw Material,4094,694,137.15,561492.1
2025-11-01,PT0007,WIP,911,680,358.49,326584.39
2025-11-01,PT0008,MRO,1133,1829,173.51,196586.83
2025-11-01,PT0009,WIP,479,1466,302.03,144672.37
2025-11-01,PT0010,Packaging,4628,806,122.06,564893.68
2025-11-01,PT0011,Raw Material,4827,120,440.22,2124941.94
2025-11-01,PT0012,WIP,2434,1137,207.32,504616.88
2025-11-01,PT0013,MRO,2999,1807,215.82,647244.18
2025-11-01,PT0014,MRO,3058,1747,230.23,704043.34
2025-11-01,PT0015,WIP,2712,1930,375.0,1017000.0
2025-11-01,PT0016,Raw Material,2084,529,431.25,898725.0
2025-11-01,PT0017,MRO,4952,1913,139.75,692042.0
2025-11-01,PT0018,WIP,4294,214,242.05,1039362.7
2025-11-01,PT0019,WIP,4520,91,29.87,135012.4
2025-11-01,PT0020,Raw Material,4471,182,102.61,458769.31
2025-11-01,PT0021,Raw Material,2090,1298,58.31,121867.9
2025-11-01,PT0022,WIP,95,1029,389.56,37008.2
2025-11-01,PT0023,WIP,2156,1856,411.21,886568.76
2025-11-01,PT0024,Raw Material,3367,19,394.65,1328786.55
2025-11-01,PT0025,Packaging,251,1181,333.19,83630.69
2025-11-01,PT0026,MRO,4311,1095,170.17,733602.87
2025-11-01,PT0027,Finished Goods,3331,816,57.39,191166.09
2025-11-01,PT0028,Raw Material,4135,1802,273.91,1132617.85
2025-11-01,PT0029,MRO,2227,1834,128.3,285724.1
2025-11-01,PT0030,Packaging,1879,1605,25.65,48196.35
2025-11-01,PT0031,Packaging,3315,1469,141.91,470431.65
2025-11-01,PT0032,Raw Material,1207,256,211.99,255871.93
2025-11-01,PT0033,WIP,3686,270,477.85,1761355.1
2025-11-01,PT0034,MRO,2839,550,53.0,150467.0
2025-11-01,PT0035,Raw Material,3175,39,84.22,267398.5
2025-11-01,PT0036,WIP,2526,1743,254.96,644028.96
2025-11-01,PT0037,MRO,2762,1197,174.13,480947.06
2025-11-01,PT0038,WIP,4395,1203,438.12,1925537.4
2025-11-01,PT0039,Finished Goods,4204,1655,187.33,787535.32
2025-11-01,PT0040,MRO,4769,1838,438.31,2090300.39
2025-12-01,PT0001,WIP,4842,921,412.53,1997470.26
2025-12-01,PT0002,Finished Goods,569,1090,172.47,98135.43
2025-12-01,PT0003,Raw Material,4482,602,87.53,392309.46
2025-12-01,PT0004,Packaging,740,1607,215.23,159270.2
2025-12-01,PT0005,Finished Goods,1883,1498,149.02,280604.66
2025-12-01,PT0006,WIP,3664,1851,325.59,1192961.76
2025-12-01,PT0007,WIP,353,1270,184.76,65220.28
2025-12-01,PT0008,Raw Material,3641,695,249.58,908720.78
2025-12-01,PT0009,WIP,3882,1234,377.84,1466774.88
2025-12-01,PT0010,Finished Goods,1820,214,216.14,393374.8
2025-12-01,PT0011,Packaging,2138,368,347.65,743275.7
2025-12-01,PT0012,Packaging,1348,584,10.24,13803.52
2025-12-01,PT0013,Packaging,4041,1100,82.57,333665.37
2025-12-01,PT0014,Finished Goods,1710,604,78.29,133875.9
2025-12-01,PT0015,MRO,692,649,352.04,243611.68
2025-12-01,PT0016,Raw Material,1357,228,383.43,520314.51
2025-12-01,PT0017,MRO,87,1680,239.86,20867.82
2025-12-01,PT0018,Packaging,3399,90,451.89,1535974.11
2025-12-01,PT0019,Raw Material,3549,1789,12.02,42658.98
2025-12-01,PT0020,Finished Goods,3701,1028,246.49,912259.49
2025-12-01,PT0021,WIP,1110,1505,342.99,380718.9
2025-12-01,PT0022,Finished Goods,3003,1131,411.43,1235524.29
2025-12-01,PT0023,WIP,1840,1140,367.01,675298.4
2025-12-01,PT0024,Finished Goods,390,1286,123.39,48122.1
2025-12-01,PT0025,Finished Goods,2808,36,350.82,985102.56
2025-12-01,PT0026,WIP,4559,817,427.71,1949929.89
2025-12-01,PT0027,WIP,1676,1528,256.78,430363.28
2025-12-01,PT0028,Finished Goods,3245,1234,184.41,598410.45
2025-12-01,PT0029,Raw Material,2159,602,254.93,550393.87
2025-12-01,PT0030,Packaging,406,281,258.74,105048.44
2025-12-01,PT0031,Packaging,2759,461,345.62,953565.58
2025-12-01,PT0032,WIP,1876,1773,334.14,626846.64
2025-12-01,PT0033,Raw Material,1699,45,168.75,286706.25
2025-12-01,PT0034,MRO,4972,1634,10.54,52404.88
2025-12-01,PT0035,Raw Material,2437,1444,300.67,732732.79
2025-12-01,PT0036,Packaging,4280,870,338.33,1448052.4
2025-12-01,PT0037,Raw Material,558,1055,39.03,21778.74
2025-12-01,PT0038,WIP,2005,1904,442.55,887312.75
2025-12-01,PT0039,Finished Goods,627,367,393.02,246423.54
2025-12-01,PT0040,Packaging,4988,1322,257.17,1282763.96
2026-01-01,PT0001,Finished Goods,762,1040,169.96,129509.52
2026-01-01,PT0002,WIP,4114,1147,98.66,405887.24
2026-01-01,PT0003,Packaging,4075,1541,54.63,222617.25
2026-01-01,PT0004,Finished Goods,2917,48,72.32,210957.44
2026-01-01,PT0005,MRO,2577,455,389.84,1004617.68
2026-01-01,PT0006,Packaging,425,1680,409.81,174169.25
2026-01-01,PT0007,WIP,537,1331,289.51,155466.87
2026-01-01,PT0008,Raw Material,3554,915,216.38,769014.52
2026-01-01,PT0009,MRO,2786,1,420.91,1172655.26
2026-01-01,PT0010,Raw Material,1607,1990,377.55,606722.85
2026-01-01,PT0011,Finished Goods,3193,1460,236.11,753899.23
2026-01-01,PT0012,Raw Material,3265,1758,317.24,1035788.6
2026-01-01,PT0013,MRO,3237,139,103.33,334479.21
2026-01-01,PT0014,Finished Goods,2124,966,89.72,190565.28
2026-01-01,PT0015,Finished Goods,2968,1565,43.29,128484.72
2026-01-01,PT0016,Raw Material,1884,306,403.45,760099.8
2026-01-01,PT0017,Packaging,3455,1451,154.96,535386.8
2026-01-01,PT0018,Raw Material,4214,1804,311.91,1314388.74
2026-01-01,PT0019,WIP,2216,1336,466.06,1032788.96
2026-01-01,PT0020,WIP,4520,700,203.5,919820.0
2026-01-01,PT0021,Raw Material,1376,1424,216.54,297959.04
2026-01-01,PT0022,MRO,4108,970,331.17,1360446.36
2026-01-01,PT0023,WIP,3218,139,31.53,101463.54
2026-01-01,PT0024,Finished Goods,3253,60,422.47,1374294.91
2026-01-01,PT0025,Raw Material,2138,1568,240.18,513504.84
2026-01-01,PT0026,Raw Material,2561,52,289.81,742203.41
2026-01-01,PT0027,Raw Material,4868,317,32.13,156408.84
2026-01-01,PT0028,Finished Goods,4234,1618,201.44,852896.96
2026-01-01,PT0029,WIP,2753,1898,439.13,1208924.89
2026-01-01,PT0030,Packaging,3544,1697,318.43,1128515.92
2026-01-01,PT0031,WIP,2093,1281,217.75,455750.75
2026-01-01,PT0032,Packaging,3970,783,231.14,917625.8
2026-01-01,PT0033,Finished Goods,1148,459,128.29,147276.92
2026-01-01,PT0034,Finished Goods,3909,1560,455.52,1780627.68
2026-01-01,PT0035,Raw Material,987,1814,139.11,137301.57
2026-01-01,PT0036,WIP,103,1596,220.45,22706.35
2026-01-01,PT0037,WIP,1388,856,259.05,359561.4
2026-01-01,PT0038,Finished Goods,3585,1974,387.36,1388685.6
2026-01-01,PT0039,Finished Goods,1874,1870,89.75,168191.5
2026-01-01,PT0040,MRO,3232,366,233.46,754542.72
2026-02-01,PT0001,MRO,2112,698,180.95,382166.4
2026-02-01,PT0002,Finished Goods,2548,1196,9.2,23441.6
2026-02-01,PT0003,Packaging,4739,505,367.26,1740445.14
2026-02-01,PT0004,Packaging,2982,674,219.11,653386.02
2026-02-01,PT0005,WIP,2494,1286,195.17,486753.98
2026-02-01,PT0006,WIP,452,1753,89.93,40648.36
2026-02-01,PT0007,Packaging,325,679,128.92,41899.0
2026-02-01,PT0008,Finished Goods,4104,1772,429.72,1763570.88
2026-02-01,PT0009,MRO,1695,1249,175.26,297065.7
2026-02-01,PT0010,Raw Material,4655,1492,35.34,164507.7
2026-02-01,PT0011,MRO,1396,1709,188.31,262880.76
2026-02-01,PT0012,MRO,2016,1047,32.63,65782.08
2026-02-01,PT0013,Packaging,1252,1773,162.29,203187.08
2026-02-01,PT0014,Packaging,2943,1575,219.98,647401.14
2026-02-01,PT0015,Packaging,2233,460,115.09,256995.97
2026-02-01,PT0016,Raw Material,4825,1269,65.93,318112.25
2026-02-01,PT0017,MRO,2016,1124,436.07,879117.12
2026-02-01,PT0018,Finished Goods,1497,1644,152.43,228187.71
2026-02-01,PT0019,Finished Goods,2176,1679,31.78,69153.28
2026-02-01,PT0020,Packaging,2520,1431,371.44,936028.8
2026-02-01,PT0021,MRO,3205,1438,251.26,805288.3
2026-02-01,PT0022,Packaging,4620,1303,345.68,1597041.6
2026-02-01,PT0023,Packaging,3747,820,25.06,93899.82
2026-02-01,PT0024,WIP,2138,1921,431.14,921777.32
2026-02-01,PT0025,WIP,2567,899,237.79,610406.93
2026-02-01,PT0026,MRO,2925,912,52.49,153533.25
2026-02-01,PT0027,Packaging,3985,1601,222.57,886941.45
2026-02-01,PT0028,Packaging,3381,251,43.55,147242.55
2026-02-01,PT0029,MRO,4054,433,78.18,316941.72
2026-02-01,PT0030,MRO,752,480,452.39,340197.28
2026-02-01,PT0031,Packaging,1667,129,351.1,585283.7
2026-02-01,PT0032,Finished Goods,1815,1855,12.18,22106.7
2026-02-01,PT0033,Raw Material,1011,814,277.12,280168.32
2026-02-01,PT0034,MRO,1035,868,202.93,210032.55
2026-02-01,PT0035,WIP,3303,1264,152.42,503443.26
2026-02-01,PT0036,Packaging,4778,1316,254.71,1217004.38
2026-02-01,PT0037,MRO,3271,352,233.87,764988.77
2026-02-01,PT0038,Raw Material,1525,639,244.82,373350.5
2026-02-01,PT0039,MRO,1535,257,277.28,425624.8
2026-02-01,PT0040,Finished Goods,4572,867,240.87,1101257.64
2026-03-01,PT0001,MRO,3784,209,22.97,86918.48
2026-03-01,PT0002,MRO,803,1306,408.81,328274.43
2026-03-01,PT0003,Finished Goods,4725,735,252.83,1194621.75
2026-03-01,PT0004,MRO,2785,934,296.67,826225.95
2026-03-01,PT0005,Packaging,1463,393,181.32,265271.16
2026-03-01,PT0006,Finished Goods,4945,1029,483.35,2390165.75
2026-03-01,PT0007,Raw Material,262,1607,475.87,124677.94
2026-03-01,PT0008,Packaging,624,456,93.74,58493.76
2026-03-01,PT0009,MRO,2844,551,117.9,335307.6
2026-03-01,PT0010,WIP,3968,1704,482.89,1916107.52
2026-03-01,PT0011,Raw Material,2883,1793,467.66,1348263.78
2026-03-01,PT0012,Finished Goods,1571,1756,252.38,396488.98
2026-03-01,PT0013,WIP,4615,231,460.21,2123869.15
2026-03-01,PT0014,Packaging,3692,188,163.29,602866.68
2026-03-01,PT0015,Packaging,3744,1685,469.54,1757957.76
2026-03-01,PT0016,Raw Material,3917,1337,212.28,831500.76
2026-03-01,PT0017,MRO,1667,1693,473.01,788507.67
2026-03-01,PT0018,Raw Material,3254,1846,103.6,337114.4
2026-03-01,PT0019,Finished Goods,4584,402,153.38,703093.92
2026-03-01,PT0020,WIP,2474,330,195.62,483963.88
2026-03-01,PT0021,Finished Goods,116,1751,158.06,18334.96
2026-03-01,PT0022,WIP,2055,497,466.18,957999.9
2026-03-01,PT0023,WIP,775,67,395.91,306830.25
2026-03-01,PT0024,Raw Material,2506,1429,79.94,200329.64
2026-03-01,PT0025,MRO,4930,141,220.18,1085487.4
2026-03-01,PT0026,Finished Goods,2984,1738,282.02,841547.68
2026-03-01,PT0027,Packaging,3728,965,370.63,1381708.64
2026-03-01,PT0028,Raw Material,3982,3,114.67,456615.94
2026-03-01,PT0029,Finished Goods,1081,757,209.3,226253.3
2026-03-01,PT0030,Packaging,386,137,97.16,37503.76
2026-03-01,PT0031,Finished Goods,1822,675,389.28,709268.16
2026-03-01,PT0032,Finished Goods,1630,1608,181.46,295779.8
2026-03-01,PT0033,MRO,4230,1055,424.59,1796015.7
2026-03-01,PT0034,WIP,3601,481,213.33,768201.33
2026-03-01,PT0035,MRO,2510,1370,307.78,772527.8
2026-03-01,PT0036,Finished Goods,4797,1039,349.59,1676983.23
2026-03-01,PT0037,Raw Material,3357,1906,17.15,57572.55
2026-03-01,PT0038,WIP,3429,1760,365.14,1252065.06
2026-03-01,PT0039,MRO,4674,285,369.86,1728725.64
2026-03-01,PT0040,Raw Material,238,562,184.41,43889.58
2026-04-01,PT0001,WIP,4805,603,421.09,2023337.45
2026-04-01,PT0002,WIP,1198,1548,299.72,359064.56
2026-04-01,PT0003,Raw Material,1482,545,45.72,67757.04
2026-04-01,PT0004,MRO,1790,1315,129.23,231321.7
2026-04-01,PT0005,Finished Goods,4982,1359,26.69,132969.58
2026-04-01,PT0006,MRO,1438,122,263.77,379301.26
2026-04-01,PT0007,Packaging,1746,1029,281.88,492162.48
2026-04-01,PT0008,MRO,1022,193,67.34,68821.48
2026-04-01,PT0009,WIP,1815,1047,451.73,819889.95
2026-04-01,PT0010,WIP,4189,393,351.49,1472391.61
2026-04-01,PT0011,Packaging,4930,1802,367.61,1812317.3
2026-04-01,PT0012,Raw Material,71,1599,53.09,3769.39
2026-04-01,PT0013,Finished Goods,2491,1003,302.46,753427.86
2026-04-01,PT0014,MRO,4627,1540,40.44,187115.88
2026-04-01,PT0015,Raw Material,3230,1050,351.4,1135022.0
2026-04-01,PT0016,Raw Material,362,635,460.88,166838.56
2026-04-01,PT0017,Raw Material,2726,1397,5.46,14883.96
2026-04-01,PT0018,Finished Goods,4316,34,422.36,1822905.76
2026-04-01,PT0019,Raw Material,1693,242,390.36,660879.48
2026-04-01,PT0020,Finished Goods,2018,852,104.42,210719.56
2026-04-01,PT0021,Raw Material,4093,536,444.33,1818642.69
2026-04-01,PT0022,WIP,932,245,92.13,85865.16
2026-04-01,PT0023,Finished Goods,2772,1268,130.88,362799.36
2026-04-01,PT0024,Packaging,721,1553,65.25,47045.25
2026-04-01,PT0025,MRO,932,1221,289.7,270000.4
2026-04-01,PT0026,MRO,436,1233,408.98,178315.28
2026-04-01,PT0027,Raw Material,2448,134,115.86,283625.28
2026-04-01,PT0028,MRO,2646,1954,312.96,828092.16
2026-04-01,PT0029,Packaging,3069,1175,64.66,198441.54
2026-04-01,PT0030,Finished Goods,1721,1610,264.03,454395.63
2026-04-01,PT0031,MRO,4719,55,14.59,68850.21
2026-04-01,PT0032,Raw Material,4308,27,205.41,884906.28
2026-04-01,PT0033,Raw Material,2837,1830,367.43,1042398.91
2026-04-01,PT0034,WIP,3460,36,480.19,1661457.4
2026-04-01,PT0035,Packaging,1772,1246,188.26,333596.72
2026-04-01,PT0036,Finished Goods,1652,1341,178.09,294204.68
2026-04-01,PT0037,Finished Goods,4087,425,434.27,1774861.49
2026-04-01,PT0038,WIP,4829,847,30.88,149119.52
2026-04-01,PT0039,Raw Material,3094,402,458.91,1419867.54
2026-04-01,PT0040,Finished Goods,287,734,99.7,28613.9
2026-05-01,PT0001,WIP,2867,1976,88.9,254876.3
2026-05-01,PT0002,MRO,2575,1386,361.97,932072.75
2026-05-01,PT0003,Packaging,4650,1324,266.33,1238434.5
2026-05-01,PT0004,Packaging,2511,1220,10.91,27395.01
2026-05-01,PT0005,MRO,3423,565,23.35,79927.05
2026-05-01,PT0006,Packaging,2757,660,428.78,1182146.46
2026-05-01,PT0007,Finished Goods,846,1399,476.11,402789.06
2026-05-01,PT0008,MRO,1772,333,277.61,491924.92
2026-05-01,PT0009,Finished Goods,2777,1827,17.74,49263.98
2026-05-01,PT0010,MRO,2419,204,367.62,889272.78
2026-05-01,PT0011,Raw Material,4684,419,442.38,2072107.92
2026-05-01,PT0012,Finished Goods,854,1283,98.53,84144.62
2026-05-01,PT0013,Raw Material,4794,150,115.62,554282.28
2026-05-01,PT0014,MRO,3329,1019,395.41,1316319.89
2026-05-01,PT0015,MRO,3001,317,334.08,1002574.08
2026-05-01,PT0016,Raw Material,2771,1385,476.45,1320242.95
2026-05-01,PT0017,Packaging,3152,1086,412.86,1301334.72
2026-05-01,PT0018,Raw Material,1599,1241,128.51,205487.49
2026-05-01,PT0019,Finished Goods,164,66,72.17,11835.88
2026-05-01,PT0020,Packaging,4400,1202,329.1,1448040.0
2026-05-01,PT0021,WIP,4472,1696,160.07,715833.04
2026-05-01,PT0022,Finished Goods,1687,1246,236.06,398233.22
2026-05-01,PT0023,Packaging,3967,48,24.25,96199.75
2026-05-01,PT0024,WIP,1738,1539,220.68,383541.84
2026-05-01,PT0025,Raw Material,3066,1980,76.52,234610.32
2026-05-01,PT0026,Packaging,3404,1160,383.73,1306216.92
2026-05-01,PT0027,Finished Goods,1731,1417,253.09,438098.79
2026-05-01,PT0028,Raw Material,4313,939,222.96,961626.48
2026-05-01,PT0029,Packaging,1597,524,39.96,63816.12
2026-05-01,PT0030,Raw Material,2909,1415,351.25,1021786.25
2026-05-01,PT0031,Raw Material,166,654,448.43,74439.38
2026-05-01,PT0032,Raw Material,4584,206,361.3,1656199.2
2026-05-01,PT0033,WIP,3214,153,345.28,1109729.92
2026-05-01,PT0034,MRO,69,76,426.44,29424.36
2026-05-01,PT0035,Finished Goods,2981,623,250.85,747783.85
2026-05-01,PT0036,Raw Material,1157,1396,351.7,406916.9
2026-05-01,PT0037,WIP,4197,1894,323.58,1358065.26
2026-05-01,PT0038,Raw Material,4823,582,6.55,31590.65
2026-05-01,PT0039,Finished Goods,2727,1810,82.31,224459.37
2026-05-01,PT0040,WIP,3205,299,340.11,1090052.55
2026-06-01,PT0001,Finished Goods,3583,160,408.7,1464372.1
2026-06-01,PT0002,Finished Goods,1322,1358,132.26,174847.72
2026-06-01,PT0003,Packaging,551,128,264.05,145491.55
2026-06-01,PT0004,Raw Material,1108,248,297.86,330028.88
2026-06-01,PT0005,Finished Goods,2145,220,72.78,156113.1
2026-06-01,PT0006,MRO,947,226,391.54,370788.38
2026-06-01,PT0007,Raw Material,2572,1054,429.43,1104493.96
2026-06-01,PT0008,WIP,359,1226,78.52,28188.68
2026-06-01,PT0009,MRO,1160,1907,364.11,422367.6
2026-06-01,PT0010,MRO,1129,252,394.95,445898.55
2026-06-01,PT0011,MRO,3432,1462,397.09,1362812.88
2026-06-01,PT0012,Packaging,771,1877,146.56,112997.76
2026-06-01,PT0013,Raw Material,576,337,3.39,1952.64
2026-06-01,PT0014,WIP,237,251,108.29,25664.73
2026-06-01,PT0015,MRO,3175,690,221.92,704596.0
2026-06-01,PT0016,Finished Goods,3246,1332,304.37,987985.02
2026-06-01,PT0017,MRO,1579,453,439.49,693954.71
2026-06-01,PT0018,Packaging,1624,795,353.27,573710.48
2026-06-01,PT0019,Packaging,2453,493,150.84,370010.52
2026-06-01,PT0020,Finished Goods,1441,358,138.35,199362.35
2026-06-01,PT0021,Packaging,4036,540,13.42,54163.12
2026-06-01,PT0022,Packaging,2620,409,312.82,819588.4
2026-06-01,PT0023,Packaging,4730,1594,327.67,1549879.1
2026-06-01,PT0024,Raw Material,3058,15,167.87,513346.46
2026-06-01,PT0025,Packaging,2264,331,370.79,839468.56
2026-06-01,PT0026,Packaging,3621,1112,311.82,1129100.22
2026-06-01,PT0027,WIP,2764,1950,194.17,536685.88
2026-06-01,PT0028,MRO,752,53,239.81,180337.12
2026-06-01,PT0029,Packaging,3874,587,239.15,926467.1
2026-06-01,PT0030,Raw Material,3103,1193,462.53,1435230.59
2026-06-01,PT0031,Raw Material,2915,1517,444.64,1296125.6
2026-06-01,PT0032,MRO,4740,1042,439.25,2082045.0
2026-06-01,PT0033,Raw Material,2803,186,182.53,511631.59
2026-06-01,PT0034,Packaging,2976,1470,153.03,455417.28
2026-06-01,PT0035,Finished Goods,3524,524,83.3,293549.2
2026-06-01,PT0036,WIP,1201,282,304.99,366292.99
2026-06-01,PT0037,Raw Material,1100,1129,235.99,259589.0
2026-06-01,PT0038,Finished Goods,4346,982,70.8,307696.8
2026-06-01,PT0039,WIP,539,1358,275.85,148683.15
2026-06-01,PT0040,WIP,1319,1264,13.35,17608.65
2026-07-01,PT0001,Raw Material,3809,352,313.01,1192255.09
2026-07-01,PT0002,MRO,921,1338,154.18,141999.78
2026-07-01,PT0003,WIP,1242,67,349.41,433967.22
2026-07-01,PT0004,Finished Goods,4069,1056,304.12,1237464.28
2026-07-01,PT0005,Raw Material,2050,218,478.99,981929.5
2026-07-01,PT0006,Finished Goods,3160,280,177.6,561216.0
2026-07-01,PT0007,Finished Goods,1841,123,112.09,206357.69
2026-07-01,PT0008,WIP,585,449,137.9,80671.5
2026-07-01,PT0009,Raw Material,976,431,9.84,9603.84
2026-07-01,PT0010,Raw Material,2526,1705,138.42,349648.92
2026-07-01,PT0011,Finished Goods,2360,508,91.72,216459.2
2026-07-01,PT0012,MRO,4163,1388,312.36,1300354.68
2026-07-01,PT0013,Raw Material,3091,687,467.88,1446217.08
2026-07-01,PT0014,Packaging,1140,1825,69.13,78808.2
2026-07-01,PT0015,MRO,242,1930,468.49,113374.58
2026-07-01,PT0016,WIP,2554,1153,208.73,533096.42
2026-07-01,PT0017,MRO,3925,1254,195.26,766395.5
2026-07-01,PT0018,Packaging,4294,1918,357.63,1535663.22
2026-07-01,PT0019,MRO,2929,825,338.24,990704.96
2026-07-01,PT0020,Packaging,2554,159,212.89,543721.06
2026-07-01,PT0021,Raw Material,176,1749,104.64,18416.64
2026-07-01,PT0022,MRO,2425,1265,335.9,814557.5
2026-07-01,PT0023,Packaging,1425,1434,186.0,265050.0
2026-07-01,PT0024,MRO,1606,445,343.41,551516.46
2026-07-01,PT0025,Packaging,265,1936,200.75,53198.75
2026-07-01,PT0026,Raw Material,918,1261,216.2,198471.6
2026-07-01,PT0027,Finished Goods,440,1347,243.32,107060.8
2026-07-01,PT0028,Finished Goods,1099,93,308.89,339470.11
2026-07-01,PT0029,Raw Material,4011,1668,34.37,137858.07
2026-07-01,PT0030,Raw Material,1216,263,355.8,432652.8
2026-07-01,PT0031,Finished Goods,1880,482,452.16,850060.8
2026-07-01,PT0032,WIP,4571,175,103.94,475109.74
2026-07-01,PT0033,Finished Goods,965,832,114.58,110569.7
2026-07-01,PT0034,Raw Material,3376,1512,210.64,711120.64
2026-07-01,PT0035,Packaging,3913,629,426.96,1670694.48
2026-07-01,PT0036,Finished Goods,3435,1192,442.16,1518819.6
2026-07-01,PT0037,MRO,987,229,21.64,21358.68
2026-07-01,PT0038,Packaging,4801,676,483.08,2319267.08
2026-07-01,PT0039,Raw Material,1014,757,384.55,389933.7
2026-07-01,PT0040,MRO,3766,262,265.54,1000023.64
