po_id,supplier_id,date,due_date,line_items_count,total_value,status
PO00001,SUP006,2025-09-24,2025-11-16,2,42710.58,Partial
PO00002,SUP018,2024-01-16,2024-02-05,7,6323.61,Partial
PO00003,SUP010,2024-09-13,2024-09-21,11,61156.84,Invoiced
PO00004,SUP003,2025-09-18,2025-10-18,7,28627.72,Partial
PO00005,SUP024,2025-06-19,2025-07-13,9,25913.58,Partial
PO00006,SUP019,2024-07-02,2024-08-29,3,45939.28,Partial
PO00007,SUP023,2025-02-15,2025-02-24,12,11803.18,Invoiced
PO00008,SUP008,2024-12-31,2025-01-11,2,56538.15,Partial
PO00009,SUP017,2025-10-11,2025-11-12,4,35611.74,Received
PO00010,SUP018,2026-01-22,2026-01-31,6,46035.8,Cancelled
PO00011,SUP002,2025-04-30,2025-05-07,11,80406.95,Partial
PO00012,SUP008,2024-12-11,2025-01-29,12,9364.74,Partial
PO00013,SUP020,2024-07-15,2024-07-27,8,14062.24,Open
PO00014,SUP002,2025-07-08,2025-08-27,5,28097.98,Received
PO00015,SUP021,2024-03-19,2024-05-13,5,38259.4,Invoiced
PO00016,SUP013,2024-04-16,2024-06-11,3,36145.08,Open
PO00017,SUP017,2025-07-02,2025-08-23,10,51656.96,Partial
PO00018,SUP011,2025-06-01,2025-07-30,6,16936.84,Cancelled
PO00019,SUP019,2025-09-07,2025-10-26,8,84517.24,Invoiced
PO00020,SUP003,2025-03-12,2025-05-03,7,44014.77,Open
PO00021,SUP020,2025-02-18,2025-03-18,2,9363.02,Invoiced
PO00022,SUP025,2025-06-03,2025-07-15,8,24652.76,Partial
PO00023,SUP023,2025-05-01,2025-05-20,3,7555.45,Cancelled
PO00024,SUP017,2026-02-22,2026-03-21,5,27374.98,Partial
PO00025,SUP016,2025-11-29,2026-01-04,1,34031.78,Invoiced
PO00026,SUP025,2025-10-15,2025-12-11,6,62829.6,Invoiced
PO00027,SUP024,2025-06-03,2025-07-22,4,26869.24,Partial
PO00028,SUP014,2024-10-17,2024-12-11,12,20073.75,Received
PO00029,SUP015,2025-12-23,2026-01-22,5,7454.41,Open
PO00030,SUP024,2026-04-24,2026-05-21,7,31247.66,Cancelled
PO00031,SUP015,2024-02-22,2024-03-05,11,29591.88,Cancelled
PO00032,SUP006,2025-02-03,2025-03-07,10,48199.4,Open
PO00033,SUP018,2024-02-28,2024-04-27,6,11128.81,Invoiced
PO00034,SUP005,2024-01-28,2024-02-06,9,28024.44,Cancelled
PO00035,SUP008,2026-04-16,2026-04-29,7,61259.78,Partial
PO00036,SUP023,2025-02-22,2025-03-03,7,82925.56,Cancelled
PO00037,SUP021,2024-11-12,2024-12-25,4,73345.79,Received
PO00038,SUP016,2024-12-08,2025-01-05,12,69827.4,Received
PO00039,SUP017,2025-06-17,2025-07-06,12,68272.3,Received
PO00040,SUP021,2024-04-01,2024-04-24,10,21540.24,Received
PO00041,SUP012,2026-05-21,2026-06-15,9,27936.76,Invoiced
PO00042,SUP022,2024-06-17,2024-07-26,11,15190.97,Open
PO00043,SUP013,2025-03-15,2025-04-18,6,18045.68,Cancelled
PO00044,SUP020,2025-04-04,2025-05-25,2,3454.51,Open
PO00045,SUP001,2024-06-04,2024-07-15,2,510.16,Open
PO00046,SUP007,2024-06-20,2024-08-13,7,34231.28,Open
PO00047,SUP015,2025-07-28,2025-08-04,9,61131.18,Cancelled
PO00048,SUP009,2024-11-11,2025-01-01,10,78148.75,Invoiced
PO00049,SUP003,2025-02-04,2025-02-20,8,59209.12,Cancelled
PO00050,SUP012,2024-01-04,2024-01-20,12,51953.21,Partial
PO00051,SUP025,2024-06-14,2024-07-13,1,64549.81,Received
PO00052,SUP005,2026-04-12,2026-05-25,2,31051.24,Received
PO00053,SUP012,2024-07-26,2024-08-31,6,83879.85,Received
PO00054,SUP016,2024-03-15,2024-04-28,8,73533.8,Cancelled
PO00055,SUP004,2025-01-19,2025-02-05,5,12017.14,Received
PO00056,SUP007,2025-06-27,2025-07-05,2,69804.52,Open
PO00057,SUP025,2026-02-08,2026-03-17,11,4254.86,Cancelled
PO00058,SUP015,2026-02-11,2026-03-08,5,33982.55,Invoiced
PO00059,SUP008,2024-10-30,2024-12-11,7,22920.47,Open
PO00060,SUP016,2026-01-31,2026-02-27,1,39012.42,Received
PO00061,SUP004,2024-05-15,2024-06-04,4,10242.39,Partial
PO00062,SUP022,2024-08-19,2024-09-12,10,42637.13,Received
PO00063,SUP004,2026-05-07,2026-06-14,5,6542.38,Open
PO00064,SUP025,2025-10-14,2025-11-04,8,29942.86,Partial
PO00065,SUP004,2025-01-23,2025-02-16,9,62423.85,Cancelled
PO00066,SUP023,2025-01-28,2025-03-09,11,49315.27,Received
PO00067,SUP007,2025-09-16,2025-11-07,8,57450.38,Received
PO00068,SUP021,2024-05-13,2024-06-17,9,33719.13,Received
PO00069,SUP017,2024-10-23,2024-12-13,10,79834.26,Cancelled
PO00070,SUP007,2026-06-27,2026-07-27,6,78364.62,Open
PO00071,SUP003,2024-05-24,2024-06-04,11,51219.71,Invoiced
PO00072,SUP003,2024-09-25,2024-11-14,10,60908.11,Partial
PO00073,SUP005,2024-11-25,2024-12-14,6,49230.44,Received
PO00074,SUP001,2024-03-26,2024-05-21,10,33255.27,Partial
PO00075,SUP019,2026-01-17,2026-02-24,1,28954.22,Invoiced
PO00076,SUP010,2024-09-19,2024-10-19,11,56484.34,Invoiced
PO00077,SUP004,2024-09-23,2024-10-20,3,65615.92,Open
PO00078,SUP001,2024-05-20,2024-05-29,11,64821.1,Invoiced
PO00079,SUP018,2025-11-13,2025-12-20,1,53868.65,Open
PO00080,SUP008,2026-05-07,2026-06-30,11,36795.19,Partial
PO00081,SUP005,2024-03-09,2024-03-25,2,68479.51,Open
PO00082,SUP002,2024-10-20,2024-11-22,9,41494.04,Cancelled
PO00083,SUP012,2024-05-27,2024-06-08,1,76371.94,Invoiced
PO00084,SUP010,2025-07-18,2025-08-21,6,25814.79,Partial
PO00085,SUP022,2024-12-05,2025-01-26,7,80015.17,Invoiced
PO00086,SUP013,2026-04-12,2026-04-28,3,14475.94,Open
PO00087,SUP024,2025-10-20,2025-11-16,5,24431.38,Open
PO00088,SUP015,2024-03-31,2024-04-08,6,81909.19,Cancelled
PO00089,SUP016,2024-08-07,2024-09-21,12,12631.29,Received
PO00090,SUP023,2026-06-07,2026-08-04,11,35270.89,Invoiced
PO00091,SUP002,2025-04-21,2025-04-28,7,21725.18,Invoiced
PO00092,SUP021,2025-05-19,2025-06-04,12,20808.53,Invoiced
PO00093,SUP025,2026-03-07,2026-05-01,12,16378.46,Invoiced
PO00094,SUP021,2025-08-12,2025-09-30,11,75312.53,Open
PO00095,SUP015,2026-06-16,2026-07-16,11,12224.1,Partial
PO00096,SUP015,2025-05-09,2025-05-17,1,26371.25,Received
PO00097,SUP023,2024-01-08,2024-02-27,8,33517.22,Cancelled
PO00098,SUP008,2026-06-17,2026-07-04,6,29471.75,Invoiced
PO00099,SUP006,2025-04-16,2025-06-15,12,26438.97,Invoiced
PO00100,SUP008,2024-06-08,2024-07-29,7,64939.34,Received
PO00101,SUP005,2024-12-11,2024-12-21,7,74186.2,Received
PO00102,SUP010,2025-06-26,2025-07-16,8,20411.03,Received
PO00103,SUP008,2026-05-27,2026-06-03,2,22475.89,Cancelled
PO00104,SUP009,2025-03-10,2025-04-16,6,78868.82,Open
PO00105,SUP008,2025-06-26,2025-07-06,10,83128.64,Partial
PO00106,SUP003,2025-07-08,2025-08-04,12,14480.6,Received
PO00107,SUP019,2025-05-21,2025-06-03,1,69289.1,Open
PO00108,SUP023,2024-01-21,2024-02-14,5,18784.06,Open
PO00109,SUP012,2026-02-20,2026-03-01,10,46079.6,Invoiced
PO00110,SUP019,2026-04-01,2026-04-23,5,3966.64,Invoiced
PO00111,SUP014,2025-12-14,2025-12-22,1,62105.75,Cancelled
PO00112,SUP013,2025-05-30,2025-06-24,11,45008.62,Partial
PO00113,SUP011,2025-06-17,2025-08-05,5,13639.1,Partial
PO00114,SUP006,2026-05-19,2026-06-24,8,33467.61,Partial
PO00115,SUP015,2024-12-09,2025-01-08,12,37234.3,Partial
PO00116,SUP010,2024-05-24,2024-07-07,3,42265.04,Partial
PO00117,SUP001,2024-03-29,2024-05-13,4,12873.16,Partial
PO00118,SUP005,2025-12-25,2026-01-27,8,26875.44,Partial
PO00119,SUP005,2026-05-28,2026-06-15,3,8119.63,Cancelled
PO00120,SUP002,2025-09-19,2025-10-18,3,16630.92,Open
PO00121,SUP009,2025-09-15,2025-10-27,8,6897.89,Partial
PO00122,SUP006,2026-02-03,2026-02-11,12,77866.01,Received
PO00123,SUP022,2024-11-21,2024-12-27,8,38474.55,Received
PO00124,SUP004,2024-06-30,2024-07-23,1,24996.14,Received
PO00125,SUP017,2025-01-27,2025-03-20,4,32188.88,Received
PO00126,SUP003,2025-05-17,2025-06-14,11,30177.54,Received
PO00127,SUP024,2025-04-23,2025-05-12,11,25642.96,Cancelled
PO00128,SUP015,2025-10-27,2025-11-30,4,5772.43,Cancelled
PO00129,SUP011,2025-07-03,2025-08-01,9,12571.07,Cancelled
PO00130,SUP012,2024-11-03,2024-12-31,11,67674.11,Invoiced
PO00131,SUP019,2024-03-10,2024-04-08,11,54307.77,Invoiced
PO00132,SUP019,2025-05-16,2025-06-06,11,2911.01,Received
PO00133,SUP023,2025-05-18,2025-07-12,9,78816.38,Invoiced
PO00134,SUP004,2024-10-01,2024-11-19,11,59128.9,Partial
PO00135,SUP021,2026-06-03,2026-06-18,10,44779.44,Received
PO00136,SUP014,2025-06-28,2025-08-03,7,10171.81,Open
PO00137,SUP015,2024-11-16,2024-11-24,6,33947.49,Open
PO00138,SUP023,2024-12-21,2025-02-15,6,31242.21,Open
PO00139,SUP002,2025-05-20,2025-06-15,10,53362.27,Open
PO00140,SUP018,2025-06-17,2025-07-19,10,74264.59,Open
PO00141,SUP003,2025-01-16,2025-02-27,9,51890.76,Open
PO00142,SUP016,2024-03-14,2024-05-06,9,37543.11,Received
PO00143,SUP019,2025-04-12,2025-04-19,2,62120.11,Cancelled
PO00144,SUP017,2024-08-06,2024-09-23,2,30592.41,Cancelled
PO00145,SUP006,2025-10-25,2025-11-17,3,5592.24,Open
PO00146,SUP012,2025-10-16,2025-10-27,2,34619.46,Cancelled
PO00147,SUP014,2025-09-16,2025-09-23,6,22948.56,Partial
PO00148,SUP025,2024-06-04,2024-07-06,9,67021.56,Open
PO00149,SUP020,2026-04-19,2026-05-15,12,38314.08,Invoiced
PO00150,SUP024,2024-01-02,2024-02-22,3,56788.33,Received
PO00151,SUP016,2025-12-24,2026-01-06,1,79990.15,Cancelled
PO00152,SUP008,2024-05-09,2024-06-06,8,31380.64,Received
PO00153,SUP004,2024-07-04,2024-07-26,1,68683.99,Received
PO00154,SUP010,2025-06-04,2025-07-20,10,64965.1,Open
PO00155,SUP011,2025-02-23,2025-04-16,5,81210.15,Received
PO00156,SUP003,2025-03-29,2025-04-13,2,62787.89,Partial
PO00157,SUP013,2024-08-02,2024-09-27,2,67293.24,Invoiced
PO00158,SUP023,2025-01-30,2025-03-26,12,38938.33,Open
PO00159,SUP021,2024-03-09,2024-04-21,9,42322.02,Received
PO00160,SUP012,2024-01-21,2024-03-11,6,25926.89,Partial
PO00161,SUP012,2025-09-26,2025-10-15,2,46740.64,Received
PO00162,SUP004,2024-06-01,2024-06-30,5,76725.78,Open
PO00163,SUP019,2025-08-17,2025-09-24,4,22124.4,Open
PO00164,SUP008,2025-01-01,2025-02-18,1,79287.89,Partial
PO00165,SUP023,2024-01-07,2024-02-11,7,21975.95,Cancelled
PO00166,SUP004,2025-10-27,2025-12-08,11,32997.6,Received
PO00167,SUP021,2025-08-24,2025-09-17,4,35063.65,Open
PO00168,SUP007,2024-03-31,2024-04-25,6,76942.18,Received
PO00169,SUP025,2025-09-22,2025-10-17,9,55430.14,Cancelled
PO00170,SUP005,2026-03-10,2026-03-18,8,65100.2,Partial
PO00171,SUP024,2026-06-24,2026-07-23,11,84318.88,Partial
PO00172,SUP011,2025-07-02,2025-07-28,1,15438.51,Received
PO00173,SUP015,2026-01-07,2026-02-13,7,58460.84,Received
PO00174,SUP004,2025-07-21,2025-07-31,7,64512.33,Cancelled
PO00175,SUP005,2024-12-09,2024-12-27,8,50408.07,Partial
PO00176,SUP009,2024-10-04,2024-11-02,2,60677.71,Invoiced
PO00177,SUP002,2025-02-19,2025-03-26,8,25607.67,Received
PO00178,SUP003,2026-01-20,2026-03-21,1,72386.97,Invoiced
PO00179,SUP007,2024-01-16,2024-02-18,4,61660.3,Partial
PO00180,SUP007,2026-05-04,2026-06-26,8,9189.71,Invoiced
PO00181,SUP009,2024-06-20,2024-07-18,8,74469.45,Partial
PO00182,SUP009,2024-07-08,2024-09-04,4,39386.72,Received
PO00183,SUP011,2024-08-03,2024-09-23,5,48285.95,Cancelled
PO00184,SUP005,2024-11-14,2024-12-24,7,44456.98,Invoiced
PO00185,SUP021,2025-10-27,2025-12-20,4,14515.87,Partial
PO00186,SUP025,2024-08-14,2024-09-11,1,16068.59,Received
PO00187,SUP015,2025-04-01,2025-04-24,11,33923.37,Invoiced
PO00188,SUP001,2024-07-16,2024-08-06,9,22030.31,Open
PO00189,SUP008,2025-05-03,2025-05-10,6,45103.99,Cancelled
PO00190,SUP022,2025-12-30,2026-02-06,12,28804.84,Received
PO00191,SUP006,2026-03-18,2026-03-30,11,75566.1,Received
PO00192,SUP024,2024-02-16,2024-02-25,12,26305.28,Received
PO00193,SUP007,2025-11-08,2025-12-02,3,82090.61,Open
PO00194,SUP007,2024-08-19,2024-10-08,9,40939.69,Received
PO00195,SUP018,2024-11-04,2024-12-04,4,30828.08,Open
PO00196,SUP002,2024-05-08,2024-05-21,6,56550.03,Cancelled
PO00197,SUP008,2025-07-10,2025-07-29,7,32405.49,Invoiced
PO00198,SUP009,2025-10-17,2025-12-11,4,34899.8,Partial
PO00199,SUP017,2025-01-19,2025-03-13,10,78262.78,Invoiced
PO00200,SUP003,2025-09-12,2025-10-25,8,46299.56,Partial
PO00201,SUP023,2024-04-26,2024-06-25,4,60473.08,Partial
PO00202,SUP010,2026-03-31,2026-04-27,12,27602.54,Received
PO00203,SUP020,2025-02-03,2025-03-13,8,16545.68,Partial
PO00204,SUP019,2024-11-15,2024-12-01,9,18159.69,Invoiced
PO00205,SUP021,2025-07-10,2025-08-19,11,33784.15,Cancelled
PO00206,SUP014,2025-02-13,2025-03-06,4,69243.19,Received
PO00207,SUP017,2026-04-09,2026-04-18,10,7404.85,Partial
PO00208,SUP009,2026-01-19,2026-02-02,7,43649.76,Partial
PO00209,SUP020,2026-03-23,2026-04-28,8,980.94,Partial
PO00210,SUP022,2024-09-22,2024-11-10,10,10117.5,Partial
PO00211,SUP002,2026-06-11,2026-07-15,6,54833.33,Cancelled
PO00212,SUP013,2024-12-27,2025-01-09,3,78935.04,Cancelled
PO00213,SUP016,2025-12-01,2026-01-17,11,61251.07,Invoiced
PO00214,SUP001,2025-04-14,2025-05-13,4,29942.11,Received
PO00215,SUP017,2024-09-11,2024-10-04,6,35417.9,Invoiced
PO00216,SUP007,2024-08-14,2024-09-09,11,51250.45,Cancelled
PO00217,SUP011,2024-04-21,2024-05-19,12,45444.84,Received
PO00218,SUP023,2026-06-25,2026-07-15,1,50686.56,Partial
PO00219,SUP016,2025-02-14,2025-02-23,6,48459.77,Cancelled
PO00220,SUP014,2026-01-27,2026-03-27,6,57114.78,Cancelled
PO00221,SUP003,2024-06-20,2024-07-14,10,77847.21,Received
PO00222,SUP008,2026-03-03,2026-03-29,5,8749.06,Cancelled
PO00223,SUP016,2026-03-28,2026-05-11,7,49632.47,Received
PO00224,SUP017,2025-08-24,2025-09-09,6,57304.73,Invoiced
PO00225,SUP004,2026-04-06,2026-05-01,11,50812.27,Cancelled
PO00226,SUP007,2026-02-10,2026-03-10,11,55602.73,Received
PO00227,SUP020,2024-02-18,2024-03-29,4,7601.81,Open
PO00228,SUP023,2025-02-04,2025-03-27,11,43990.65,Cancelled
PO00229,SUP023,2024-09-27,2024-11-25,5,66295.57,Cancelled
PO00230,SUP017,2025-03-23,2025-05-22,9,77973.06,Received
PO00231,SUP005,2024-01-04,2024-02-09,2,45445.15,Open
PO00232,SUP013,2025-09-23,2025-10-16,5,71237.44,Invoiced
PO00233,SUP005,2025-02-07,2025-04-03,10,42590.1,Open
PO00234,SUP017,2026-01-02,2026-02-26,8,58511.03,Open
PO00235,SUP011,2024-08-21,2024-10-13,10,47490.65,Cancelled
PO00236,SUP009,2026-04-18,2026-04-26,6,64004.38,Open
PO00237,SUP019,2024-03-07,2024-04-20,10,49769.04,Invoiced
PO00238,SUP018,2025-10-10,2025-11-06,11,67129.79,Open
PO00239,SUP016,2024-10-22,2024-11-08,7,7251.3,Received
PO00240,SUP005,2025-03-30,2025-04-25,1,25566.05,Open
PO00241,SUP006,2026-05-04,2026-05-21,9,57934.56,Invoiced
PO00242,SUP019,2025-10-20,2025-12-15,4,55403.79,Open
PO00243,SUP018,2024-04-28,2024-05-08,12,20433.46,Cancelled
PO00244,SUP022,2024-10-09,2024-10-30,2,47529.75,Open
PO00245,SUP002,2024-01-31,2024-02-26,11,73871.29,Received
PO00246,SUP009,2025-02-15,2025-02-24,2,75616.33,Received
PO00247,SUP018,2025-10-03,2025-11-01,5,56905.47,Invoiced
PO00248,SUP019,2026-01-13,2026-03-12,11,39164.56,Received
PO00249,SUP013,2026-03-04,2026-03-25,2,55622.62,Open
PO00250,SUP017,2024-03-14,2024-03-21,9,37242.0,Cancelled
PO00251,SUP002,2024-10-01,2024-11-20,3,62803.5,Partial
PO00252,SUP022,2025-04-04,2025-05-19,1,82681.97,Partial
PO00253,SUP009,2025-11-17,2025-11-26,7,23387.67,Invoiced
PO00254,SUP006,2024-08-15,2024-09-14,10,72200.68,Partial
PO00255,SUP018,2025-05-29,2025-07-06,7,80605.76,Open
PO00256,SUP018,2026-01-05,2026-03-04,7,24377.89,Invoiced
PO00257,SUP023,2024-10-16,2024-10-27,3,7300.47,Received
PO00258,SUP010,2025-08-06,2025-09-06,1,30089.32,Received
PO00259,SUP025,2025-05-26,2025-06-04,12,33613.52,Cancelled
PO00260,SUP005,2024-08-19,2024-09-16,3,33569.65,Received
PO00261,SUP013,2024-04-01,2024-04-15,4,71996.14,Invoiced
PO00262,SUP018,2025-04-30,2025-05-10,12,27567.35,Open
PO00263,SUP014,2024-06-14,2024-08-13,10,43333.7,Cancelled
PO00264,SUP024,2025-01-17,2025-02-12,9,42148.89,Open
PO00265,SUP024,2026-03-31,2026-04-10,10,36888.4,Cancelled
PO00266,SUP004,2024-09-30,2024-10-31,10,52034.87,Invoiced
PO00267,SUP008,2026-04-04,2026-05-31,9,74030.57,Partial
PO00268,SUP013,2026-01-09,2026-01-18,2,37226.09,Cancelled
PO00269,SUP017,2024-12-12,2025-01-23,7,38906.94,Cancelled
PO00270,SUP017,2025-09-09,2025-10-07,4,62465.09,Partial
PO00271,SUP020,2025-04-06,2025-06-01,6,68004.9,Invoiced
PO00272,SUP007,2024-02-12,2024-03-04,11,33517.52,Open
PO00273,SUP020,2025-08-07,2025-09-19,4,11137.54,Open
PO00274,SUP008,2026-03-14,2026-04-24,12,63011.07,Open
PO00275,SUP021,2025-01-15,2025-03-09,8,74772.68,Partial
PO00276,SUP005,2026-06-07,2026-08-06,12,16493.34,Cancelled
PO00277,SUP018,2024-07-23,2024-08-27,12,44818.81,Received
PO00278,SUP015,2024-03-22,2024-04-27,2,46961.97,Partial
PO00279,SUP018,2026-06-20,2026-07-31,1,39040.93,Cancelled
PO00280,SUP004,2025-12-07,2025-12-23,1,21738.04,Cancelled
PO00281,SUP011,2024-11-05,2024-12-02,7,27330.23,Cancelled
PO00282,SUP008,2025-12-07,2026-01-07,12,64158.44,Cancelled
PO00283,SUP007,2025-12-23,2026-02-03,11,64326.65,Received
PO00284,SUP020,2024-05-26,2024-07-22,11,69021.98,Received
PO00285,SUP007,2026-05-31,2026-06-10,5,82301.77,Received
PO00286,SUP004,2024-02-28,2024-03-20,8,50732.55,Invoiced
PO00287,SUP018,2026-04-14,2026-05-02,1,26039.32,Invoiced
PO00288,SUP015,2025-07-30,2025-09-20,12,18659.85,Open
PO00289,SUP025,2024-04-04,2024-04-22,4,17474.71,Cancelled
PO00290,SUP023,2025-08-05,2025-10-02,12,18897.97,Cancelled
PO00291,SUP021,2025-04-27,2025-06-18,12,29824.06,Open
PO00292,SUP003,2024-07-02,2024-08-16,3,50325.92,Invoiced
PO00293,SUP005,2025-09-25,2025-10-11,1,6239.94,Received
PO00294,SUP015,2024-01-15,2024-03-09,5,27632.82,Cancelled
PO00295,SUP009,2025-12-31,2026-01-07,11,47171.77,Partial
PO00296,SUP002,2026-01-11,2026-02-17,12,25571.26,Open
PO00297,SUP003,2024-08-19,2024-10-03,3,46007.97,Received
PO00298,SUP014,2025-08-16,2025-09-19,12,26876.25,Received
PO00299,SUP018,2026-05-10,2026-05-26,7,47901.64,Open
PO00300,SUP008,2025-07-15,2025-07-22,12,2128.58,Received
PO00301,SUP008,2025-07-29,2025-08-17,4,78056.53,Cancelled
PO00302,SUP024,2026-02-24,2026-04-25,4,80293.85,Cancelled
PO00303,SUP003,2024-11-02,2024-12-25,1,24485.85,Cancelled
PO00304,SUP003,2025-09-12,2025-10-07,6,75599.46,Cancelled
PO00305,SUP003,2025-11-16,2026-01-08,6,45786.64,Invoiced
PO00306,SUP004,2025-10-22,2025-11-02,1,34130.56,Invoiced
PO00307,SUP020,2024-10-22,2024-12-10,3,67994.22,Invoiced
PO00308,SUP006,2024-06-17,2024-07-09,2,63239.22,Cancelled
PO00309,SUP024,2025-05-31,2025-07-14,12,77524.26,Partial
PO00310,SUP023,2025-11-23,2026-01-02,10,18274.51,Received
PO00311,SUP002,2024-03-06,2024-05-02,1,84636.13,Invoiced
PO00312,SUP020,2026-03-23,2026-05-02,12,6841.14,Open
PO00313,SUP016,2024-06-11,2024-07-02,3,61959.17,Received
PO00314,SUP021,2026-06-22,2026-08-11,8,25849.88,Cancelled
PO00315,SUP017,2024-08-30,2024-10-27,1,8160.05,Partial
PO00316,SUP009,2024-05-06,2024-05-13,9,80480.53,Received
PO00317,SUP010,2026-02-18,2026-03-14,5,13299.27,Received
PO00318,SUP016,2024-10-25,2024-11-09,5,51042.63,Partial
PO00319,SUP003,2026-04-06,2026-05-14,9,28515.93,Partial
PO00320,SUP016,2026-02-05,2026-03-15,1,13622.52,Invoiced
PO00321,SUP005,2025-06-03,2025-07-22,11,16538.95,Open
PO00322,SUP020,2024-03-08,2024-04-07,8,77629.2,Invoiced
PO00323,SUP003,2024-01-11,2024-02-05,11,20782.05,Invoiced
PO00324,SUP015,2026-02-26,2026-04-10,12,68956.46,Received
PO00325,SUP010,2024-04-02,2024-04-10,11,63659.28,Received
PO00326,SUP010,2024-05-27,2024-06-25,1,27711.18,Cancelled
PO00327,SUP007,2024-04-18,2024-04-28,7,64938.11,Cancelled
PO00328,SUP018,2024-10-27,2024-11-21,2,80427.39,Cancelled
PO00329,SUP015,2026-03-17,2026-04-20,11,78324.95,Invoiced
PO00330,SUP014,2024-03-30,2024-05-20,8,78769.88,Invoiced
PO00331,SUP015,2025-12-19,2026-01-06,10,81375.3,Received
PO00332,SUP024,2026-06-08,2026-06-16,5,14876.98,Invoiced
PO00333,SUP016,2025-01-10,2025-03-08,12,46642.67,Open
PO00334,SUP002,2024-04-05,2024-05-26,5,5854.24,Open
PO00335,SUP017,2026-01-14,2026-01-30,6,78314.35,Received
PO00336,SUP007,2024-02-18,2024-03-20,6,8669.44,Cancelled
PO00337,SUP014,2025-07-24,2025-08-10,6,76220.11,Partial
PO00338,SUP005,2026-03-24,2026-05-23,9,43916.54,Open
PO00339,SUP010,2025-09-15,2025-10-18,1,70145.38,Partial
PO00340,SUP014,2025-07-31,2025-08-08,6,71738.88,Invoiced
PO00341,SUP010,2025-10-20,2025-12-07,10,63076.19,Open
PO00342,SUP016,2026-02-05,2026-02-12,5,11126.98,Open
PO00343,SUP025,2024-10-16,2024-11-22,4,71454.41,Invoiced
PO00344,SUP015,2025-07-26,2025-09-05,8,28508.63,Received
PO00345,SUP013,2024-08-17,2024-09-03,3,74164.45,Invoiced
PO00346,SUP009,2024-10-29,2024-11-12,4,19996.49,Received
PO00347,SUP011,2025-07-19,2025-09-05,1,73313.62,Open
PO00348,SUP002,2024-08-08,2024-09-14,12,40773.19,Open
PO00349,SUP005,2024-09-01,2024-10-30,4,27342.1,Received
PO00350,SUP007,2024-12-04,2025-01-31,1,37396.16,Cancelled
PO00351,SUP010,2025-11-16,2025-11-28,12,69059.85,Partial
PO00352,SUP016,2024-02-24,2024-04-03,9,17541.93,Invoiced
PO00353,SUP013,2026-05-23,2026-06-01,5,8589.58,Open
PO00354,SUP010,2024-08-18,2024-09-15,5,19076.14,Partial
PO00355,SUP019,2024-04-24,2024-06-15,11,60093.29,Invoiced
PO00356,SUP005,2026-05-10,2026-06-05,6,56634.99,Cancelled
PO00357,SUP024,2024-10-20,2024-12-07,7,53413.6,Received
PO00358,SUP007,2024-08-24,2024-09-03,5,69506.8,Received
PO00359,SUP002,2025-11-13,2026-01-01,12,29138.26,Open
PO00360,SUP017,2024-05-01,2024-05-31,11,43891.99,Partial
PO00361,SUP008,2024-12-17,2024-12-24,7,11098.96,Received
PO00362,SUP012,2026-05-08,2026-06-18,11,3322.56,Invoiced
PO00363,SUP020,2024-10-09,2024-11-24,2,82050.77,Partial
PO00364,SUP025,2024-09-02,2024-10-07,4,20628.59,Open
PO00365,SUP006,2026-04-13,2026-06-12,10,74162.32,Invoiced
PO00366,SUP013,2026-01-28,2026-02-26,6,34551.65,Invoiced
PO00367,SUP011,2026-06-07,2026-07-26,1,72793.35,Received
PO00368,SUP001,2025-10-15,2025-11-25,1,32120.95,Invoiced
PO00369,SUP023,2024-10-31,2024-12-25,8,81081.94,Invoiced
PO00370,SUP023,2024-06-05,2024-07-10,10,31729.06,Received
PO00371,SUP006,2026-03-07,2026-04-30,5,33979.22,Open
PO00372,SUP018,2024-07-12,2024-08-31,6,74729.09,Invoiced
PO00373,SUP004,2024-09-18,2024-10-22,2,53686.4,Open
PO00374,SUP004,2026-01-17,2026-02-09,1,62096.49,Invoiced
PO00375,SUP017,2024-08-19,2024-09-12,1,968.16,Cancelled
PO00376,SUP003,2026-03-31,2026-05-20,11,36087.98,Open
PO00377,SUP004,2026-01-23,2026-01-31,9,61777.21,Received
PO00378,SUP025,2024-04-22,2024-05-27,4,26610.49,Invoiced
PO00379,SUP024,2025-08-01,2025-09-04,4,15296.11,Partial
PO00380,SUP012,2024-08-14,2024-10-01,4,72307.01,Cancelled
PO00381,SUP011,2024-07-25,2024-08-07,8,83484.06,Received
PO00382,SUP018,2025-01-19,2025-02-01,3,79534.33,Received
PO00383,SUP009,2024-01-24,2024-03-12,11,4476.07,Received
PO00384,SUP011,2025-08-10,2025-08-29,8,71408.86,Partial
PO00385,SUP018,2024-03-26,2024-05-06,4,29539.08,Open
PO00386,SUP006,2024-05-28,2024-07-09,8,81039.47,Partial
PO00387,SUP001,2025-11-18,2025-12-28,10,41991.77,Cancelled
PO00388,SUP023,2025-06-13,2025-08-05,5,73994.86,Received
PO00389,SUP012,2024-03-24,2024-05-10,9,79688.96,Open
PO00390,SUP023,2026-05-04,2026-05-21,7,26761.92,Open
PO00391,SUP021,2024-11-04,2024-12-18,3,74154.28,Invoiced
PO00392,SUP010,2024-03-15,2024-04-15,12,20148.65,Partial
PO00393,SUP010,2025-05-17,2025-06-22,11,50478.69,Received
PO00394,SUP016,2025-10-20,2025-12-05,7,52224.48,Received
PO00395,SUP020,2025-11-18,2026-01-16,3,983.73,Partial
PO00396,SUP003,2026-05-05,2026-07-02,6,63097.85,Cancelled
PO00397,SUP001,2026-03-20,2026-04-12,6,73800.76,Received
PO00398,SUP024,2026-01-27,2026-02-17,1,24958.57,Partial
PO00399,SUP020,2024-10-05,2024-11-16,2,31060.83,Invoiced
PO00400,SUP018,2025-06-07,2025-08-06,3,58858.69,Invoiced
PO00401,SUP016,2024-10-26,2024-11-20,4,20699.33,Cancelled
PO00402,SUP007,2024-04-24,2024-05-17,11,78678.08,Received
PO00403,SUP020,2024-01-22,2024-02-12,1,4780.07,Open
PO00404,SUP022,2026-03-26,2026-04-02,4,51810.41,Open
PO00405,SUP004,2025-10-20,2025-11-15,1,42038.09,Partial
PO00406,SUP019,2025-04-24,2025-06-04,7,14714.37,Cancelled
PO00407,SUP007,2024-09-15,2024-10-24,5,62986.41,Partial
PO00408,SUP008,2024-03-01,2024-03-29,4,25947.03,Partial
PO00409,SUP025,2025-10-11,2025-11-17,6,75915.07,Open
PO00410,SUP017,2024-05-31,2024-06-21,9,12793.63,Invoiced
PO00411,SUP018,2024-04-09,2024-05-11,2,20187.83,Cancelled
PO00412,SUP021,2024-03-28,2024-05-11,6,58309.1,Invoiced
PO00413,SUP025,2024-01-30,2024-03-08,4,67360.62,Received
PO00414,SUP016,2024-05-04,2024-05-30,7,19365.49,Partial
PO00415,SUP010,2024-05-25,2024-07-05,5,37239.97,Invoiced
PO00416,SUP014,2024-08-07,2024-10-01,11,60852.86,Invoiced
PO00417,SUP015,2024-06-30,2024-07-10,4,81392.48,Received
PO00418,SUP007,2025-06-21,2025-07-12,3,64052.25,Cancelled
PO00419,SUP002,2024-11-15,2024-12-31,5,20701.07,Received
PO00420,SUP016,2025-12-12,2026-01-06,1,14018.2,Partial
PO00421,SUP011,2025-07-16,2025-08-12,10,15757.05,Partial
PO00422,SUP018,2024-02-21,2024-03-09,4,61437.49,Received
PO00423,SUP004,2024-01-30,2024-03-09,2,43119.42,Partial
PO00424,SUP024,2025-07-03,2025-08-25,1,69600.44,Open
PO00425,SUP009,2024-08-29,2024-10-17,9,44606.18,Received
PO00426,SUP016,2024-08-18,2024-09-25,11,65916.65,Partial
PO00427,SUP019,2024-02-17,2024-04-01,10,22403.2,Partial
PO00428,SUP016,2024-04-03,2024-05-14,11,66160.01,Open
PO00429,SUP024,2024-07-25,2024-09-22,3,25527.97,Open
PO00430,SUP014,2024-06-02,2024-06-13,12,24584.46,Cancelled
PO00431,SUP004,2024-08-25,2024-09-14,6,22523.5,Received
PO00432,SUP024,2024-09-10,2024-10-17,1,14761.39,Partial
PO00433,SUP011,2024-12-21,2025-02-14,12,33517.38,Partial
PO00434,SUP021,2025-07-16,2025-07-30,5,10181.81,Partial
PO00435,SUP015,2025-04-10,2025-05-29,2,84539.72,Open
PO00436,SUP024,2025-04-05,2025-04-28,10,11908.84,Received
PO00437,SUP020,2026-05-11,2026-06-14,7,30973.77,Invoiced
PO00438,SUP021,2025-01-09,2025-03-01,2,54483.0,Open
PO00439,SUP019,2024-01-01,2024-02-09,3,65355.44,Cancelled
PO00440,SUP009,2024-11-20,2025-01-08,8,23750.47,Cancelled
PO00441,SUP012,2026-05-27,2026-07-10,11,64180.32,Received
PO00442,SUP012,2024-01-19,2024-02-26,7,74072.36,Received
PO00443,SUP016,2026-05-01,2026-06-21,4,35607.73,Received
PO00444,SUP012,2026-02-12,2026-03-05,8,9984.58,Open
PO00445,SUP010,2025-02-07,2025-03-01,1,42669.47,Open
PO00446,SUP020,2024-12-02,2025-01-11,4,68586.95,Partial
PO00447,SUP006,2026-02-28,2026-04-24,9,78518.87,Cancelled
PO00448,SUP007,2024-06-01,2024-06-23,2,4699.38,Cancelled
PO00449,SUP012,2025-12-05,2026-01-01,8,24274.35,Partial
PO00450,SUP022,2024-10-25,2024-12-09,4,33945.89,Cancelled
PO00451,SUP008,2024-11-29,2024-12-15,2,34304.11,Invoiced
PO00452,SUP008,2024-11-01,2024-11-10,3,77532.21,Invoiced
PO00453,SUP019,2025-04-12,2025-06-09,5,66453.23,Invoiced
PO00454,SUP007,2026-02-22,2026-04-23,11,49944.02,Partial
PO00455,SUP020,2025-12-08,2026-01-28,7,24128.74,Invoiced
PO00456,SUP007,2025-01-07,2025-01-28,10,60556.14,Partial
PO00457,SUP013,2024-06-16,2024-08-13,2,63187.83,Partial
PO00458,SUP005,2025-12-22,2026-02-18,7,11783.54,Cancelled
PO00459,SUP015,2026-05-15,2026-05-27,9,46010.42,Received
PO00460,SUP014,2026-01-22,2026-02-28,1,8089.59,Cancelled
PO00461,SUP003,2025-08-20,2025-09-01,7,33237.6,Received
PO00462,SUP006,2026-03-22,2026-04-07,2,59812.79,Cancelled
PO00463,SUP021,2026-02-27,2026-04-03,6,50330.59,Open
PO00464,SUP010,2024-09-28,2024-11-05,8,62779.92,Open
PO00465,SUP025,2024-10-13,2024-11-10,4,75861.93,Cancelled
PO00466,SUP024,2026-03-15,2026-04-15,10,66811.02,Cancelled
PO00467,SUP020,2024-04-13,2024-06-03,7,12130.32,Cancelled
PO00468,SUP005,2026-03-22,2026-05-20,5,21176.09,Cancelled
PO00469,SUP022,2024-02-21,2024-04-16,7,19156.29,Open
PO00470,SUP015,2025-08-26,2025-10-05,3,18058.63,Received
PO00471,SUP021,2026-02-28,2026-04-28,12,47444.76,Open
PO00472,SUP016,2025-05-27,2025-07-04,4,56635.01,Partial
PO00473,SUP014,2024-08-14,2024-09-29,3,6774.41,Invoiced
PO00474,SUP015,2025-07-21,2025-09-14,2,63182.41,Received
PO00475,SUP013,2025-10-20,2025-12-02,9,40835.1,Received
PO00476,SUP011,2026-01-27,2026-03-18,2,78973.07,Partial
PO00477,SUP022,2026-03-26,2026-05-23,11,53281.91,Received
PO00478,SUP010,2024-11-03,2024-12-29,7,44720.63,Open
PO00479,SUP002,2025-09-27,2025-10-22,8,52605.41,Partial
PO00480,SUP015,2026-02-14,2026-04-04,10,14332.17,Received
PO00481,SUP021,2025-02-12,2025-04-09,11,8880.33,Cancelled
PO00482,SUP005,2026-01-18,2026-03-10,10,80358.78,Invoiced
PO00483,SUP015,2025-08-10,2025-08-25,10,33766.21,Cancelled
PO00484,SUP008,2025-10-24,2025-12-21,7,62384.36,Cancelled
PO00485,SUP015,2026-04-27,2026-05-31,4,53186.49,Cancelled
PO00486,SUP008,2026-06-03,2026-07-03,3,40646.93,Cancelled
PO00487,SUP001,2024-01-19,2024-03-16,8,31025.26,Open
PO00488,SUP009,2024-01-10,2024-02-27,9,23796.75,Received
PO00489,SUP017,2024-08-24,2024-10-19,9,48978.33,Open
PO00490,SUP003,2025-04-15,2025-05-12,3,67579.03,Received
PO00491,SUP001,2026-04-10,2026-05-28,8,50967.07,Cancelled
PO00492,SUP016,2026-05-22,2026-07-09,10,55989.45,Invoiced
PO00493,SUP022,2025-02-15,2025-03-01,9,15217.85,Cancelled
PO00494,SUP023,2024-03-11,2024-04-13,7,22552.1,Received
PO00495,SUP018,2025-10-18,2025-10-25,3,75727.28,Invoiced
PO00496,SUP001,2024-05-28,2024-06-14,3,57911.93,Partial
PO00497,SUP013,2025-03-19,2025-03-31,12,35418.05,Open
PO00498,SUP016,2025-12-16,2026-02-13,6,47948.74,Cancelled
PO00499,SUP014,2024-07-06,2024-08-07,6,82762.04,Open
PO00500,SUP010,2024-08-11,2024-09-21,9,17493.36,Invoiced
PO00501,SUP006,2024-07-21,2024-09-09,12,44612.68,Open
PO00502,SUP020,2025-08-14,2025-10-05,2,16322.0,Cancelled
PO00503,SUP020,2024-03-20,2024-04-25,7,65245.11,Invoiced
PO00504,SUP018,2025-01-09,2025-02-13,8,82928.58,Partial
PO00505,SUP006,2025-03-30,2025-04-19,6,48485.56,Partial
PO00506,SUP002,2025-11-26,2026-01-15,11,75671.16,Cancelled
PO00507,SUP001,2026-01-09,2026-03-09,6,25847.1,Received
PO00508,SUP002,2026-02-09,2026-03-27,3,37117.28,Cancelled
PO00509,SUP023,2024-12-01,2025-01-28,3,50117.85,Cancelled
PO00510,SUP015,2026-01-04,2026-02-18,5,76732.93,Open
PO00511,SUP017,2025-09-10,2025-11-09,2,59790.2,Cancelled
PO00512,SUP018,2024-02-14,2024-03-23,4,74834.51,Open
PO00513,SUP024,2024-02-17,2024-02-25,2,78038.71,Invoiced
PO00514,SUP016,2025-04-26,2025-05-28,7,80051.85,Open
PO00515,SUP002,2024-07-02,2024-07-19,1,2603.31,Received
PO00516,SUP023,2025-12-18,2026-01-21,5,65816.15,Received
PO00517,SUP017,2024-06-19,2024-07-04,4,29539.16,Received
PO00518,SUP005,2024-01-31,2024-03-16,5,9071.03,Partial
PO00519,SUP011,2025-11-01,2025-12-23,7,16211.91,Open
PO00520,SUP005,2026-01-28,2026-02-05,3,31008.36,Open
PO00521,SUP019,2024-09-15,2024-09-28,2,75200.25,Invoiced
PO00522,SUP013,2024-12-07,2024-12-30,6,13958.88,Partial
PO00523,SUP004,2025-03-31,2025-05-26,7,27497.62,Invoiced
PO00524,SUP018,2024-08-13,2024-09-15,5,72163.9,Partial
PO00525,SUP001,2026-04-28,2026-06-12,11,74440.78,Cancelled
PO00526,SUP005,2025-06-07,2025-07-23,8,31827.39,Cancelled
PO00527,SUP005,2024-03-01,2024-04-23,11,61871.74,Open
PO00528,SUP010,2025-12-10,2025-12-29,1,34751.07,Partial
PO00529,SUP008,2026-04-11,2026-04-29,9,42784.02,Partial
PO00530,SUP017,2025-08-14,2025-09-29,5,38761.59,Invoiced
PO00531,SUP022,2025-08-19,2025-10-17,1,35528.79,Invoiced
PO00532,SUP024,2026-01-29,2026-03-12,2,47144.1,Received
PO00533,SUP008,2026-03-18,2026-05-17,8,6538.51,Partial
PO00534,SUP010,2025-08-15,2025-08-25,8,8626.03,Open
PO00535,SUP008,2025-11-06,2025-12-10,5,36319.71,Invoiced
PO00536,SUP002,2026-06-16,2026-07-17,12,45498.56,Invoiced
PO00537,SUP015,2025-06-11,2025-07-08,9,78916.09,Received
PO00538,SUP020,2024-04-12,2024-04-28,11,68287.52,Cancelled
PO00539,SUP020,2026-03-17,2026-03-26,6,16647.94,Invoiced
PO00540,SUP024,2025-05-26,2025-06-23,2,61249.05,Invoiced
PO00541,SUP023,2026-05-02,2026-06-17,6,18436.59,Partial
PO00542,SUP006,2026-05-07,2026-06-19,8,54697.2,Open
PO00543,SUP008,2025-08-05,2025-09-28,8,62350.56,Cancelled
PO00544,SUP007,2024-08-25,2024-10-03,1,73775.54,Partial
PO00545,SUP003,2024-09-19,2024-11-07,4,14441.39,Cancelled
PO00546,SUP024,2025-12-03,2026-01-20,10,75436.28,Partial
PO00547,SUP004,2026-03-14,2026-03-21,5,65196.76,Received
PO00548,SUP005,2024-01-15,2024-01-24,12,74087.63,Invoiced
PO00549,SUP013,2025-01-08,2025-02-18,7,15208.71,Received
PO00550,SUP008,2024-09-22,2024-11-03,8,44767.79,Invoiced
PO00551,SUP008,2024-11-01,2024-11-18,2,5874.51,Partial
PO00552,SUP015,2025-10-22,2025-11-16,7,40106.12,Cancelled
PO00553,SUP008,2024-06-22,2024-08-12,6,7647.62,Partial
PO00554,SUP004,2024-12-07,2025-01-09,2,39065.52,Received
PO00555,SUP003,2024-06-30,2024-07-24,4,13144.21,Invoiced
PO00556,SUP015,2025-08-09,2025-08-25,5,83412.01,Cancelled
PO00557,SUP004,2025-04-18,2025-05-12,1,19801.87,Received
PO00558,SUP023,2024-02-08,2024-02-17,6,77384.11,Invoiced
PO00559,SUP009,2024-05-06,2024-06-10,3,41852.04,Partial
PO00560,SUP002,2025-02-04,2025-03-19,8,68945.9,Partial
PO00561,SUP004,2024-08-20,2024-10-15,3,32938.32,Open
PO00562,SUP022,2024-04-15,2024-06-12,6,78941.74,Invoiced
PO00563,SUP021,2026-02-10,2026-03-26,3,11611.14,Invoiced
PO00564,SUP007,2024-02-15,2024-03-30,3,12717.64,Received
PO00565,SUP007,2026-06-18,2026-07-24,1,21881.72,Partial
PO00566,SUP023,2024-02-12,2024-03-03,11,84826.95,Cancelled
PO00567,SUP001,2025-05-23,2025-06-09,10,25742.52,Open
PO00568,SUP014,2024-05-22,2024-06-30,8,16363.3,Partial
PO00569,SUP011,2024-05-06,2024-05-21,10,31693.35,Open
PO00570,SUP020,2025-03-28,2025-05-17,11,84649.1,Invoiced
PO00571,SUP024,2024-12-09,2025-01-06,9,32917.51,Invoiced
PO00572,SUP024,2024-09-04,2024-09-18,7,76901.79,Open
PO00573,SUP021,2024-06-07,2024-07-14,9,36424.62,Partial
PO00574,SUP018,2025-03-27,2025-05-25,7,66255.52,Partial
PO00575,SUP024,2025-02-05,2025-03-31,2,11763.8,Open
PO00576,SUP014,2025-09-12,2025-11-11,6,79077.35,Received
PO00577,SUP004,2024-04-17,2024-04-26,12,70057.31,Partial
PO00578,SUP007,2024-03-21,2024-04-22,2,28738.76,Cancelled
PO00579,SUP016,2026-01-04,2026-02-15,11,29013.36,Cancelled
PO00580,SUP025,2024-04-17,2024-05-07,5,6639.75,Received
PO00581,SUP020,2024-05-30,2024-07-16,9,58354.72,Invoiced
PO00582,SUP003,2024-01-09,2024-02-02,3,72419.75,Invoiced
PO00583,SUP021,2025-11-17,2025-12-14,11,15788.01,Cancelled
PO00584,SUP020,2025-02-13,2025-03-12,12,70977.16,Partial
PO00585,SUP012,2024-02-14,2024-04-12,9,27838.79,Partial
PO00586,SUP018,2025-06-14,2025-07-12,10,43955.56,Open
PO00587,SUP013,2025-08-10,2025-08-20,5,20806.01,Invoiced
PO00588,SUP016,2025-06-11,2025-07-21,9,81628.43,Invoiced
PO00589,SUP019,2024-10-22,2024-12-07,11,70861.85,Partial
PO00590,SUP025,2024-10-13,2024-10-20,7,3776.56,Cancelled
PO00591,SUP019,2026-02-13,2026-02-22,10,54219.68,Invoiced
PO00592,SUP010,2024-02-19,2024-03-19,11,54897.96,Open
PO00593,SUP019,2025-06-23,2025-08-05,10,2061.22,Open
PO00594,SUP025,2025-05-23,2025-06-28,8,16892.56,Invoiced
PO00595,SUP017,2026-06-19,2026-07-01,6,19920.63,Received
PO00596,SUP019,2024-08-13,2024-09-02,4,81068.59,Cancelled
PO00597,SUP015,2024-03-03,2024-04-01,3,48188.49,Invoiced
PO00598,SUP005,2024-12-27,2025-01-17,9,26490.5,Received
PO00599,SUP023,2025-04-04,2025-05-18,11,9284.41,Received
PO00600,SUP005,2025-01-17,2025-02-07,4,12321.74,Partial
PO00601,SUP017,2026-02-14,2026-03-28,9,66542.02,Open
PO00602,SUP010,2026-02-15,2026-02-27,7,15101.78,Partial
PO00603,SUP006,2024-05-20,2024-06-02,3,57261.23,Open
PO00604,SUP003,2026-02-01,2026-04-02,6,25941.48,Partial
PO00605,SUP010,2025-10-24,2025-12-02,6,1799.69,Partial
PO00606,SUP025,2025-02-21,2025-04-13,2,2046.06,Open
PO00607,SUP013,2026-05-01,2026-06-11,2,74868.49,Cancelled
PO00608,SUP004,2024-09-09,2024-10-16,8,57820.04,Cancelled
PO00609,SUP008,2024-01-16,2024-03-02,11,53796.97,Open
PO00610,SUP023,2024-11-06,2024-12-23,7,1379.54,Received
PO00611,SUP016,2024-06-25,2024-07-05,5,3856.72,Received
PO00612,SUP022,2026-03-18,2026-04-13,1,24479.59,Open
PO00613,SUP004,2024-06-11,2024-06-22,8,47461.49,Cancelled
PO00614,SUP023,2025-10-17,2025-11-06,11,64419.13,Received
PO00615,SUP013,2024-03-12,2024-04-05,6,31312.92,Open
PO00616,SUP003,2024-06-09,2024-07-24,1,21731.63,Open
PO00617,SUP006,2025-06-25,2025-07-29,9,74162.42,Cancelled
PO00618,SUP015,2025-03-25,2025-04-23,7,25297.35,Invoiced
PO00619,SUP017,2026-03-01,2026-04-19,4,32846.68,Received
PO00620,SUP025,2024-06-03,2024-06-12,10,24348.36,Open
PO00621,SUP014,2025-06-03,2025-08-02,6,16605.36,Invoiced
PO00622,SUP019,2025-11-06,2025-12-21,1,58618.79,Cancelled
PO00623,SUP002,2024-03-09,2024-05-03,5,32644.24,Invoiced
PO00624,SUP016,2026-06-22,2026-07-02,11,60112.59,Cancelled
PO00625,SUP023,2026-04-21,2026-05-12,10,11434.21,Cancelled
PO00626,SUP015,2025-07-05,2025-08-30,4,8033.44,Cancelled
PO00627,SUP009,2024-06-10,2024-07-08,1,43440.21,Invoiced
PO00628,SUP024,2024-06-28,2024-07-20,3,65889.18,Received
PO00629,SUP020,2025-02-24,2025-04-25,10,36991.85,Partial
PO00630,SUP023,2025-11-18,2025-12-23,11,69910.34,Received
PO00631,SUP005,2024-09-12,2024-10-20,3,22107.82,Invoiced
PO00632,SUP023,2026-01-02,2026-01-19,10,14501.14,Open
PO00633,SUP008,2024-08-24,2024-09-08,5,80621.14,Cancelled
PO00634,SUP003,2025-06-13,2025-07-15,11,52411.96,Partial
PO00635,SUP013,2024-01-21,2024-02-19,7,50227.36,Received
PO00636,SUP015,2024-09-15,2024-10-15,1,78575.51,Cancelled
PO00637,SUP020,2025-01-02,2025-02-20,9,14688.81,Open
PO00638,SUP014,2026-01-24,2026-03-09,2,17374.58,Received
PO00639,SUP021,2026-02-16,2026-03-28,11,64042.55,Received
PO00640,SUP025,2024-12-13,2025-01-24,1,16166.67,Cancelled
PO00641,SUP006,2024-03-26,2024-05-10,8,23328.71,Cancelled
PO00642,SUP002,2024-11-02,2024-12-25,5,5425.89,Received
PO00643,SUP009,2024-04-21,2024-05-16,3,59052.29,Cancelled
PO00644,SUP011,2025-01-19,2025-02-04,7,6443.19,Cancelled
PO00645,SUP002,2024-09-19,2024-10-21,5,21310.32,Open
PO00646,SUP015,2024-06-13,2024-07-09,8,76530.76,Cancelled
PO00647,SUP023,2024-01-11,2024-02-09,12,18912.67,Received
PO00648,SUP020,2025-12-21,2026-01-27,9,18225.61,Partial
PO00649,SUP016,2025-01-20,2025-02-20,12,51475.87,Received
PO00650,SUP016,2025-04-28,2025-06-20,8,77479.04,Received
PO00651,SUP010,2026-03-01,2026-04-24,3,76090.9,Received
PO00652,SUP016,2025-06-06,2025-07-02,12,6594.42,Invoiced
PO00653,SUP022,2025-05-18,2025-07-04,7,65597.39,Open
PO00654,SUP005,2026-02-11,2026-04-06,9,12720.47,Open
PO00655,SUP006,2024-10-13,2024-12-12,12,49782.24,Invoiced
PO00656,SUP015,2025-04-04,2025-05-19,10,51225.88,Partial
PO00657,SUP022,2026-05-01,2026-06-30,9,6690.37,Partial
PO00658,SUP023,2026-05-24,2026-06-02,7,60226.69,Open
PO00659,SUP006,2026-05-17,2026-06-22,6,34442.8,Open
PO00660,SUP024,2024-01-11,2024-02-05,1,47737.83,Cancelled
PO00661,SUP007,2024-05-26,2024-06-22,9,79657.61,Invoiced
PO00662,SUP009,2025-06-17,2025-06-28,1,32477.09,Received
PO00663,SUP009,2025-04-16,2025-04-27,7,29856.51,Cancelled
PO00664,SUP020,2024-07-17,2024-09-02,12,66811.47,Invoiced
PO00665,SUP024,2025-03-05,2025-04-01,2,79077.61,Open
PO00666,SUP011,2024-09-26,2024-10-10,6,67384.45,Invoiced
PO00667,SUP001,2026-01-16,2026-02-22,9,36081.65,Partial
PO00668,SUP015,2026-02-23,2026-04-01,1,10098.02,Invoiced
PO00669,SUP013,2024-05-21,2024-05-29,12,13255.84,Received
PO00670,SUP007,2025-01-24,2025-02-08,8,84348.91,Cancelled
PO00671,SUP012,2026-02-25,2026-03-19,11,47803.63,Received
PO00672,SUP016,2025-07-07,2025-08-20,6,80373.0,Received
PO00673,SUP007,2024-12-01,2024-12-26,4,31378.16,Open
PO00674,SUP006,2025-08-25,2025-09-02,5,30868.66,Invoiced
PO00675,SUP014,2024-08-12,2024-10-03,9,30414.64,Invoiced
PO00676,SUP012,2024-05-21,2024-06-15,1,29191.32,Open
PO00677,SUP002,2024-10-11,2024-12-09,6,67164.56,Open
PO00678,SUP024,2025-02-12,2025-04-01,7,65067.6,Open
PO00679,SUP012,2025-07-23,2025-08-31,1,49397.05,Invoiced
PO00680,SUP006,2025-10-18,2025-11-10,4,49441.19,Invoiced
PO00681,SUP003,2024-12-10,2025-01-19,11,43711.69,Received
PO00682,SUP005,2025-01-18,2025-03-18,8,5238.91,Open
PO00683,SUP004,2025-02-25,2025-04-07,12,33495.58,Open
PO00684,SUP006,2026-04-17,2026-05-28,10,56875.53,Received
PO00685,SUP017,2026-06-18,2026-06-30,5,52429.98,Invoiced
PO00686,SUP013,2024-12-24,2025-01-27,11,50310.82,Open
PO00687,SUP023,2025-05-08,2025-06-19,2,81170.13,Partial
PO00688,SUP009,2025-11-22,2026-01-16,9,59538.84,Cancelled
PO00689,SUP003,2026-01-28,2026-03-25,2,27196.18,Invoiced
PO00690,SUP008,2024-08-15,2024-09-15,7,64875.15,Partial
PO00691,SUP010,2025-08-27,2025-09-15,5,39904.65,Partial
PO00692,SUP008,2024-02-23,2024-03-15,5,54830.69,Cancelled
PO00693,SUP015,2025-07-14,2025-09-06,5,69136.97,Cancelled
PO00694,SUP014,2026-01-19,2026-01-30,2,65349.25,Partial
PO00695,SUP013,2025-07-29,2025-09-15,2,76042.33,Open
PO00696,SUP020,2025-01-27,2025-02-22,11,5361.78,Cancelled
PO00697,SUP017,2025-05-20,2025-06-23,7,2820.75,Open
PO00698,SUP016,2025-07-11,2025-07-28,11,80790.21,Cancelled
PO00699,SUP004,2026-06-05,2026-06-30,12,53595.76,Received
PO00700,SUP001,2025-04-08,2025-05-03,9,61290.34,Received
